Workbook

Sheet 보조기기 서비스 상세
A3: 2026년 | B3: 목표 | C3: 600 | E3: 건
A4: 날짜 (접수일 기준) | B4: 연번 | C4: 2026년 접수 | E4: 재접수 | F4: 접수번호 | H4: 이름 | I4: 생년월일 | J4: 연령 (입력금지자동완성) | K4: 성별 (입력금지자동완성) | L4: 거주지 (시군구) -필수 | M4: 주 장애유형 | N4: 서비스 분류 | O4: 제품명 | P4: 픔목고시 (자동완성) | Q4: 서비스 제공 내용 (서비스 상세 내용 작성) | R4: 서비스 영역 (자동완성) | S4: 보조기기센터 사업 | AJ4: 서비스진행상황
C5: 그외 (09-25) | D5: 2026 | F5: 년도 | G5: 번호 | S5: 보조기기 상담 | U5: 체험지원 | V5: 보조기기 맞춤형 지원 | Y5: 교육 | Z5: 기타사업 | AA5: 주요 사업 외 | AB5: 재원연계 | AE5: 재원확보 | AF5: 사후관리 지원사업 | AI5: 모니 터링 | AJ5: 의뢰 구분 | AK5: 서비스 제공 | AN5: 종결 여부 | AO5: 담당자
S6: 상담 | T6: 평가 | U6: 보조 기기 사용 체험 (구. 시험적용) | V6: 대여 | W6: 맞춤 제작 지원 | X6: 교부 사업 맞춤형 평가 지원 | Y6: 이용자 교육 | Z6: 기타 사업 | AA6: 정보 제공/ 교육 및 훈련 | AB6: 공적 급여 | AC6: 민간 급여 | AD6: 자부담 | AE6: 재원 확보시 체크 | AF6: 점검 및 수리 | AG6: 소독 및 세척 | AH6: 재사용 | AK6: 유선 | AL6: 내방 | AM6: 방문 (출장)
C7: =SUM(C8+E8) -> 177
C8: =SUM(C9+D9) -> 129 | E8: =SUM(E9) -> 48
B9: 합계 | C9: =COUNTA(C10:C1000) -> 69 | D9: =COUNTA(D10:D1000) -> 60 | E9: =COUNTA(E10:E1000) -> 48 | R9: - | S9: =COUNTA(S10:S5001) -> 171 | T9: =COUNTA(T10:T5001) -> 171 | U9: =COUNTA(U10:U100001) -> 9 | V9: =COUNTA(V10:V100001) -> 21 | W9: =COUNTA(W10:W5001) -> 28 | X9: =COUNTA(X10:X5001) -> 73 | Y9: =COUNTA(Y10:Y5001) -> 0 | Z9: =COUNTA(Z10:Z5001) -> 0 | AA9: =COUNTA(AA10:AA5001) -> 28 | AB9: =COUNTA(AB10:AB5001) -> 0 | AC9: =COUNTA(AC10:AC5001) -> 24 | AD9: =COUNTA(AD10:AD500) -> 0 | AE9: =COUNTA(AE10:AE5001) -> 0 | AF9: =COUNTA(AF10:AF5001) -> 0 | AG9: =COUNTA(AG10:AG5001) -> 13 | AH9: =COUNTA(AH10:AH5001) -> 3 | AI9: =COUNTA(AI10:AI5001) -> 0 | AJ9: =COUNTA(AJ10:AJ5001) -> 172 | AK9: =COUNTA(AK10:AK5001) -> 33 | AL9: =COUNTA(AL10:AL5001) -> 37 | ... AN9: =COUNTA(AN10:AN5001) -> 175 | AP9: 연락처 | AQ9: 주소
A10: 2026-01-02 | B10: 1 | C10: 2026 | D10: 1 | E10: 35 | G10: 완료 | H10: 김도원 | I10: 2013-08-12 | J10: 남 | L10: 춘천시 | M10: 뇌병변 | N10: 정보제공(주요사업 외) | O10: 오터목욕의자 | P10: 목욕의자 | Q10: 신용카드사회공헌재단 민간지원사업 신청 | R10: ADL | AA10: ✓ | AJ10: 지역 | AN10: 종결 | AO10: 양하나
A11: 2026-01-07 | B11: 2 | C11: 2026 | D11: 1 | E11: 88 | G11: 완료 | H11: 한효리 | I11: 2020-06-11 | J11: 여 | L11: 원주시 | M11: 지체 | N11: 정보제공(주요사업 외) | O11: 모션큐 이보크 | P11: 침대 및 탈착식 침대 판/전동조절식 매트리스 지지단 (전동 침대) | Q11: 신용카드사회공헌재단 민간지원사업 신청 | R11: ADL | AA11: ✓ | AJ11: 지역 | AN11: 종결 | AO11: 양하나
A12: 2026-01-13 | B12: 3 | C12: 2026 | D12: 1 | E12: 2 | G12: 완료 | H12: 조유나 | I12: 2019-12-03 | J12: 여 | L12: 춘천시 | M12: 뇌병변 | N12: 정보제공(주요사업 외) | O12: 파이퍼 유모차형휠체어 | P12: 유모차형 이동보조기기 | Q12: 신용카드사회공헌재단 민간지원사업 신청 | R12: WC | AA12: ✓ | AJ12: 지역 | AN12: 종결 | AO12: 양하나
A13: 2026-01-14 | B13: 4 | C13: 2026 | D13: 1 | E13: 1 | G13: 미정 | H13: 김강민 | I13: 2016-10-04 | J13: 남 | L13: 춘천시 | M13: 지체 | N13: 대여 | O13: 오터 목욕의자(중) | P13: 목욕 의자 | Q13: 오터 목욕의자 / 6개월 | R13: ADL | V13: ✓ | AJ13: 지역 | AO13: 심채연
A14: 2026-01-15 | B14: 5 | C14: 2026 | D14: 1 | E14: 31 | G14: 미정 | H14: 김경아 | I14: 1976-09-13 | J14: 여 | L14: 춘천시 | M14: 뇌병변 | N14: 대여 | O14: 지팡이 | P14: 지팡이 | Q14: 지팡이 / 6개월 | R14: WC | V14: ✓ | AJ14: 지역 | AO14: 심채연
A15: 2026-01-19 | B15: 6 | C15: 2026 | D15: 1 | E15: 133 | G15: 완료 | H15: 장상윤 | I15: 1957-09-06 | J15: 남 | L15: 춘천시 | M15: 지체 | N15: 맞춤 제작 지원 | O15: 조이스틱 | P15: -(휠체어 액세서리) | Q15: 전동휠체어 조이스틱 | R15: WC | W15: ✓ | AJ15: 지역 | AN15: 종결 | AO15: 송근필
A16: 2026-01-20 | B16: 7 | C16: 2026 | D16: 1 | E16: 1 | G16: 미정 | H16: 김애라 | I16: 1962-10-27 | J16: 여 | L16: 춘천시 | M16: 청각 | N16: 교부사업 맞춤형 평가 | O16: 진동시계 | P16: 진동시계 | Q16: 진동시계/ 적합 | R16: S | X16: ✓ | AJ16: 연계 | AO16: 심채연
A17: 2026-01-20 | B17: 8 | C17: 2026 | D17: 1 | E17: 166 | G17: 완료 | H17: 조선희 | I17: 1966-04-24 | J17: 여 | L17: 춘천시 | M17: 뇌병변 | N17: 교부사업 맞춤형 평가 | O17: 전동침대 | P17: 침대 및 탈착식 침대 판/전동조절식 매트리스 지지단 (전동 침대) | Q17: 전동침대/취소 | R17: ADL | X17: ✓ | AJ17: 연계 | AN17: 종결 | AO17: 양하나
A18: 2026-01-20 | B18: 9 | C18: 2026 | D18: 1 | E18: 3 | G18: 완료 | H18: 김태희 | I18: 2015-10-11 | J18: 여 | L18: 원주시 | M18: 뇌병변 | N18: 정보제공(주요사업 외) | O18: 캐롯카시트 | P18: 차량 내 착석을 위한 좌석과 방석, 액세서리, 개조용품 | Q18: 신용카드사회공헌재단 민간지원사업 신청 | R18: AM | AA18: ✓ | AJ18: 지역 | AN18: 종결 | AO18: 양하나
A19: 2026-01-21 | B19: 10 | C19: 2026 | D19: 1 | E19: 15 | G19: 미정 | H19: 이찬섭 | I19: 1961-10-16 | J19: 남 | L19: 춘천시 | M19: 지체 | N19: 대여 | O19: 수동휠체어 | P19: 일반형 수동휠체어(양 손 추진 휠체어) | Q19: 수동휠체어 / 6개월 | R19: WC | V19: ✓ | AJ19: 지역 | AO19: 심채연
A20: 2026-01-21 | B20: 11 | C20: 2026 | D20: 1 | E20: 248 | G20: 완료 | H20: 박동재 | I20: 1994-03-07 | J20: 남 | L20: 춘천시 | M20: 지체 | N20: 재사용 | O20: 수동휠체어 | P20: 일반형 수동휠체어(양 손 추진 휠체어) | Q20: 수동휠체어 재사용 지원 | R20: WC | AH20: ✓ | AJ20: 지역 | AN20: 종결 | AO20: 심채연
A21: 2026-01-22 | B21: 12 | C21: 2026 | D21: 1 | E21: 3 | G21: 완료 | H21: 김태희 | I21: 2025-10-11 | J21: 여 | L21: 원주시 | M21: 뇌병변 | N21: 정보제공(주요사업 외) | O21: 캐롯카시트 | P21: 차량 내 착석을 위한 좌석과 방석, 액세서리, 개조용품 | Q21: EY한영 장애아동청소년 민간지원사업 신청 | R21: AM | AA21: ✓ | AJ21: 지역 | AN21: 종결 | AO21: 양하나
A22: 2026-01-22 | B22: 13 | C22: 2026 | D22: 1 | E22: 47 | G22: 완료 | H22: 신인준 | I22: 1966-10-13 | J22: 남 | L22: 춘천시 | M22: 지체 | N22: 재사용 | O22: 수동휠체어 | P22: 일반형 수동휠체어(양 손 추진 휠체어) | Q22: 수동휠체어 재사용 지원 | R22: WC | AH22: ✓ | AJ22: 지역 | AN22: 종결 | AO22: 심채연
A23: 2026-01-22 | B23: 14 | C23: 2026 | D23: 1 | E23: 3 | G23: 완료 | H23: 김태희 | I23: 2015-10-11 | J23: 여 | L23: 원주시 | M23: 뇌병변 | N23: 정보제공(주요사업 외) | O23: 캐롯카시트 | P23: 차량 내 착석을 위한 좌석과 방석, 액세서리, 개조용품 | Q23: EY한영 민간지원사업 신청 | R23: AM | AA23: ✓ | AJ23: 지역 | AN23: 종결 | AO23: 양하나
A24: 2026-01-24 | B24: 15 | C24: 2026 | D24: 1 | E24: 125 | G24: 미정 | H24: 안홍태 | I24: 1967-04-21 | J24: 남 | L24: 강릉시 | M24: 뇌병변 | N24: 대여 | O24: 수동휠체어 | P24: 일반형 수동휠체어(양 손 추진 휠체어) | Q24: 수동휠체어 / 6개월 | R24: WC | V24: ✓ | AJ24: 지역 | AO24: 심채연
A25: 2026-01-28 | B25: 16 | C25: 2026 | D25: 1 | E25: 137 | G25: 미정 | H25: 이근수 | I25: 1968-03-01 | J25: 남 | L25: 춘천시 | M25: 뇌병변 | N25: 대여 | O25: 수동휠체어 | P25: 일반형 수동휠체어(양 손 추진 휠체어) | Q25: 수동휠체어 / 6개월 | R25: WC | V25: ✓ | AJ25: 지역 | AO25: 심채연
A26: 2026-01-30 | B26: 17 | C26: 2026 | D26: 1 | E26: 210 | G26: 완료 | H26: 전기택 | I26: 1964-03-04 | J26: 남 | L26: 춘천시 | M26: 뇌병변 | N26: 교부사업 맞춤형 평가 | O26: 목욕의자 | P26: 목욕의자 | Q26: 목욕의자/적합 | R26: ADL | X26: ✓ | AJ26: 연계 | AN26: 종결 | AO26: 심채연
A27: 2026-01-30 | B27: 18 | C27: 2026 | D27: 1 | E27: 10 | G27: 완료 | H27: 박호연 | I27: 1979-04-27 | J27: 남 | L27: 춘천시 | M27: 뇌병변 | N27: 교부사업 맞춤형 평가 | O27: 목욕의자 | P27: 목욕의자 | Q27: 목욕의자/적합 | R27: ADL | X27: ✓ | AJ27: 연계 | AN27: 종결 | AO27: 양하나
A28: 2026-01-30 | B28: 19 | C28: 2026 | D28: 1 | E28: 127 | G28: 완료 | H28: 박영희 | I28: 1957-03-11 | J28: 여 | L28: 춘천시 | M28: 뇌병변 | N28: 재사용 | O28: 수동휠체어 | P28: 일반형 수동휠체어(양 손 추진 휠체어) | Q28: 수동휠체어 재사용 지원 | R28: WC | AH28: ✓ | AJ28: 지역 | AN28: 종결 | AO28: 심채연
A29: 2026-02-01 | B29: 20 | C29: 2026 | D29: 2 | E29: 15 | G29: 미정 | H29: 김다영 | I29: 2004-02-09 | J29: 여 | L29: 철원군 | M29: 뇌병변 | N29: 대여 | O29: 장애인용유모차 | P29: 유모차형 이동보조기기 | Q29: 빙고 / 6개월 | R29: WC | V29: ✓ | AJ29: 지역 | AO29: 심채연
A30: 2026-02-02 | B30: 21 | C30: 2026 | D30: 2 | E30: 101 | G30: 미정 | H30: 권춘자 | I30: 1937-07-02 | J30: 여 | L30: 춘천시 | M30: 장기요양 | N30: 대여 | O30: ASH-201 | P30: 고정형 손잡이와 핸드그립 | Q30: ASH-201 / 6개월 | R30: ADL | V30: ✓ | AJ30: 지역 | AO30: 심채연
A31: 2026-02-03 | B31: 22 | C31: 2026 | D31: 2 | E31: 176 | G31: 완료 | H31: 조재명 | I31: 1951-12-09 | J31: 여 | L31: 홍천군 | M31: 시각 | N31: 교부사업 맞춤형 평가 | O31: 리보3S | P31: 키보드 | Q31: 리보3S / 적합 | R31: CA | X31: ✓ | AJ31: 연계 | AN31: 종결 | AO31: 양하나
A32: 2026-02-03 | B32: 23 | C32: 2026 | D32: 2 | E32: 24 | G32: 미정 | H32: 최윤석 | I32: 1973-04-13 | J32: 남 | L32: 강릉시 | M32: 지체 | N32: 맞춤 제작 지원 | O32: 랩보드 | P32: 휠체어용 무릎받침대 | Q32: 랩보드(취소) | R32: SP | W32: ✓ | AJ32: 지역 | AO32: 송근필
A33: 2026-02-03 | B33: 24 | C33: 2026 | D33: 2 | E33: 102 | G33: 미정 | H33: 윤성광 | I33: 1993-05-05 | J33: 남 | L33: 춘천시 | M33: 지체 | N33: 맞춤 제작 지원 | O33: 보치아경기용세트 | P33: 팀 구기 스포츠용 보조기기 | Q33: 보치아용 푸셔 | R33: L | W33: ✓ | AJ33: 지역 | AO33: 송근필
A34: 2026-02-03 | B34: 25 | C34: 2026 | D34: 2 | E34: 25 | G34: 미정 | H34: 김시영 | J34: 여 | L34: 춘천시 | M34: 지체 | N34: 맞춤 제작 지원 | O34: 랩보드 | P34: 휠체어용 무릎받침대 | R34: SP | W34: ✓ | AJ34: 지역 | AO34: 송근필
A35: 2026-02-04 | B35: 26 | C35: 2026 | D35: 2 | E35: 4 | G35: 미정 | H35: 김종길 | I35: 1958-06-05 | J35: 남 | L35: 춘천시 | M35: 지체 | N35: 맞춤 제작 지원 | O35: 휠체어용 우산거치대 | P35: -(휠체어 액세서리) | Q35: 수동휠체어 우산꽃이 | R35: WC | W35: ✓ | AJ35: 지역 | AO35: 양하나
A36: 2026-02-05 | B36: 27 | C36: 2026 | D36: 2 | E36: 5 | G36: 미정 | H36: 이용기 | I36: 1981-09-11 | J36: 남 | L36: 속초시 | M36: 뇌병변 | N36: 교부사업 맞춤형 평가 | O36: 안전손잡이 | P36: 고정형 손잡이와 핸드그립 | Q36: 안전손잡이 / 취소 | R36: ADL | X36: ✓ | AJ36: 연계 | AO36: 양하나
A37: 2026-02-05 | B37: 28 | C37: 2026 | D37: 2 | E37: 242 | G37: 완료 | H37: 김혜경 | I37: 1975-04-13 | J37: 여 | L37: 강릉시 | M37: 뇌병변 | N37: 교부사업 맞춤형 평가 | O37: AFM-06 | P37: 목욕용 미끄럼 방지용품 | Q37: AFM-06 / 적합 | R37: ADL | X37: ✓ | AJ37: 연계 | AN37: 종결 | AO37: 양하나
A38: 2026-02-05 | B38: 29 | C38: 2026 | D38: 2 | E38: 163 | G38: 완료 | H38: 박광종 | I38: 1964-02-15 | J38: 남 | L38: 강릉시 | M38: 뇌병변 | N38: 교부사업 맞춤형 평가 | O38: DGP-0002 | P38: 고정형 손잡이와 핸드그립 | Q38: DGP-0002 / 변경 | R38: ADL | X38: ✓ | AJ38: 연계 | AN38: 종결 | AO38: 양하나
A39: 2026-02-05 | B39: 30 | C39: 2026 | D39: 2 | E39: 12 | G39: 완료 | H39: 조지영 | I39: 1977-01-11 | J39: 여 | L39: 강릉시 | M39: 지체 | N39: 교부사업 맞춤형 평가 | O39: 유모차형 이동보조기기 | P39: 유모차형 이동보조기기 | Q39: 유모차형이동보조기기 / 부적합 | R39: WC | X39: ✓ | AJ39: 연계 | AN39: 종결 | AO39: 양하나
A40: 2026-02-09 | B40: 31 | C40: 2026 | D40: 2 | E40: 220 | G40: 미정 | H40: 이상기 | I40: 1957-09-09 | J40: 남 | L40: 춘천시 | M40: 지체 | N40: 맞춤 제작 지원 | O40: 랩보드 | P40: 휠체어용 무릎받침대 | Q40: 수동휠체어 랩보드 | R40: SP | W40: ✓ | AJ40: 지역 | AO40: 송근필
A41: 2026-02-09 | B41: 32 | C41: 2026 | D41: 2 | E41: 11 | G41: 미정 | H41: 이시훈 | I41: 2007-12-04 | J41: 남 | L41: 춘천시 | M41: 뇌병변 | N41: 대여 | O41: 한손키보드 | P41: 키보드 | Q41: 한손키보드 | R41: CA | V41: ✓ | AJ41: 지역 | AO41: 송근필
A42: 2026-02-12 | B42: 33 | C42: 2026 | D42: 2 | E42: 6 | G42: 완료 | H42: 이유영 | I42: 1959-08-26 | J42: 남 | L42: 삼척시 | M42: 뇌병변 | N42: 교부사업 맞춤형 평가 | O42: 소변수집장치 | P42: 소변 수집 장치 | Q42: 소변수집장치 / 적합 | R42: ADL | X42: ✓ | AJ42: 연계 | AN42: 종결 | AO42: 심채연
A43: 2026-02-12 | B43: 34 | C43: 2026 | D43: 2 | E43: 8 | G43: 완료 | H43: 이칠홍 | I43: 1937-07-16 | J43: 남 | L43: 삼척시 | M43: 지체 | N43: 교부사업 맞춤형 평가 | O43: 전동침대 | P43: 침대 및 탈착식 침대 판/전동조절식 매트리스 지지단 (전동 침대) | Q43: 전동침대 / 취소 | R43: ADL | X43: ✓ | AJ43: 연계 | AN43: 종결 | AO43: 양하나
A44: 2026-02-12 | B44: 35 | C44: 2026 | D44: 2 | E44: 9 | G44: 완료 | H44: 이지숙 | I44: 1973-06-09 | J44: 여 | L44: 삼척시 | M44: 지체 | N44: 교부사업 맞춤형 평가 | O44: WS900 | P44: 침대 및 탈착식 침대 판/전동조절식 매트리스 지지단 (전동 침대) | Q44: 전동침대 / 적합 | R44: ADL | X44: ✓ | AJ44: 연계 | AN44: 종결 | AO44: 송근필
A45: 2026-02-13 | B45: 36 | C45: 2026 | D45: 2 | E45: 32 | G45: 완료 | H45: 권수미 | I45: 2012-12-27 | J45: 여 | L45: 원주시 | M45: 지체 | N45: 보조기기 사용 체험 | O45: 3점압 모듈러 이너 | P45: 자세보조용구 | Q45: 3점압 모듈러 이너 체험 | R45: SP | U45: ✓ | AJ45: 지역 | AN45: 종결 | AO45: 심채연
A46: 2026-02-13 | B46: 37 | C46: 2026 | D46: 2 | E46: 88 | G46: 완료 | H46: 한효리 | I46: 2020-06-11 | J46: 여 | L46: 원주시 | M46: 지체 | N46: 정보제공(주요사업 외) | O46: 이지오토앵글데스크 | P46: 독서용탁자, 책상 및 기립형 책상 | Q46: EY한영 민간지원사업 신청 | R46: ADL | AA46: ✓ | AJ46: 지역 | AN46: 종결 | AO46: 양하나
A47: 2026-02-19 | B47: 38 | C47: 2026 | D47: 2 | E47: 7 | G47: 완료 | H47: 박명자 | I47: 1946-07-07 | J47: 여 | L47: 춘천시 | M47: 뇌병변 | N47: 보조기기 사용 체험 | O47: 기립훈련기 | P47: 기립틀 및 기립을 위한 지지대(기립훈련기) | Q47: 기립훈련기 체험 | R47: SP, ADL | U47: ✓ | AJ47: 지역 | AN47: 종결 | AO47: 심채연
A48: 2026-02-19 | B48: 39 | C48: 2026 | D48: 2 | E48: 158 | G48: 완료 | H48: 정무영 | I48: 2019-06-11 | J48: 남 | L48: 고성군 | M48: 뇌병변 | N48: 정보제공(주요사업 외) | O48: 캐롯카시트 | P48: 차량 내 착석을 위한 좌석과 방석, 액세서리, 개조용품 | Q48: EY한영 민간지원사업 신청 | R48: AM | AA48: ✓ | AJ48: 지역 | AN48: 종결 | AO48: 양하나
A49: 2026-02-20 | B49: 40 | C49: 2026 | D49: 2 | E49: 10 | G49: 완료 | H49: 우이서 | I49: 2020-07-09 | J49: 여 | L49: 춘천시 | M49: 지체 | N49: 정보제공(주요사업 외) | O49: 캐롯카시트 | P49: 차량 내 착석을 위한 좌석과 방석, 액세서리, 개조용품 | Q49: EY한영 민간지원사업 신청 | R49: AM | AA49: ✓ | AJ49: 지역 | AN49: 종결 | AO49: 양하나
A50: 2026-02-23 | B50: 41 | C50: 2026 | D50: 2 | E50: 157 | G50: 미정 | H50: 신인준 | I50: 1966-10-13 | J50: 남 | L50: 춘천시 | M50: 뇌병변 | N50: 대여 | O50: 슈트케이스 AS02피트 | P50: 휴대용 경사로 | Q50: 슈트케이스 AS02피트 / 6개월 | R50: EC | V50: ✓ | AJ50: 지역 | AO50: 심채연
A51: 2026-02-25 | B51: 42 | C51: 2026 | D51: 2 | E51: 12 | G51: 완료 | H51: 정은희 | I51: 1978-03-03 | J51: 여 | L51: 원주시 | M51: 시각 | N51: 교부사업 맞춤형 평가 | O51: 리보탭 | P51: 영상 확대 시스템 | Q51: 리보탭 / 적합 | R51: S | X51: ✓ | AJ51: 연계 | AN51: 종결 | AO51: 양하나
A52: 2026-02-25 | B52: 43 | C52: 2026 | D52: 2 | E52: 247 | G52: 완료 | H52: 임대현 | I52: 1992-11-23 | J52: 남 | L52: 원주시 | M52: 지체 | N52: 교부사업 맞춤형 평가 | O52: 전동침대 | P52: 침대 및 탈착식 침대 판/전동조절식 매트리스 지지단 (전동 침대) | Q52: / 적합 | R52: ADL | X52: ✓ | AJ52: 연계 | AN52: 종결 | AO52: 양하나
A53: 2026-02-25 | B53: 44 | C53: 2026 | D53: 2 | E53: 14 | G53: 완료 | H53: 장둘남 | I53: 1967-11-01 | J53: 여 | L53: 원주시 | M53: 지체 | N53: 교부사업 맞춤형 평가 | O53: CSH-5000 | P53: 독립형 변기 팔 지지대 및 등 지지대 | Q53: CSH-5000 / 적합 | R53: ADL | X53: ✓ | AJ53: 연계 | AN53: 종결 | AO53: 양하나
A54: 2026-02-26 | B54: 45 | C54: 2026 | D54: 2 | E54: 243 | G54: 미정 | H54: 배태랑 | I54: 2019-08-26 | J54: 남 | L54: 인제군 | M54: 발달 | N54: 대여 | O54: 토커블4 | P54: 대화용 장치 | Q54: 토커블4 / 6개월 | R54: AAC | V54: ✓ | AJ54: 지역 | AO54: 심채연
A55: 2026-02-27 | B55: 46 | C55: 2026 | D55: 2 | E55: 12 | G55: 미정 | H55: 최현철 | I55: 1939-03-15 | J55: 여 | L55: 춘천시 | M55: 장기요양 | N55: 대여 | O55: 수동휠체어 | P55: 일반형 수동휠체어(양 손 추진 휠체어) | Q55: 수동휠체어 / 6개월 | R55: WC | V55: ✓ | AJ55: 지역 | AO55: 심채연
A56: 2026-03-03 | B56: 47 | C56: 2026 | D56: 3 | E56: 13 | G56: 완료 | H56: 한지율 | I56: 2024-06-12 | J56: 남 | L56: 춘천시 | M56: 뇌병변 | N56: 보조기기 사용 체험 | O56: 기립틀 및 기립을 위한 지지대(기립훈련기) | P56: 기립틀 및 기립을 위한 지지대(기립훈련기) | Q56: 전방기립훈련기 체험 | R56: SP | U56: ✓ | AJ56: 지역 | AN56: 종결 | AO56: 심채연
A57: 2026-03-03 | B57: 48 | C57: 2026 | D57: 3 | E57: 33 | G57: 미정 | H57: 진현호 | I57: 1983-02-12 | J57: 남 | L57: 춘천시 | M57: 뇌병변 | N57: 맞춤 제작 지원 | O57: 전동휠체어 조이스틱 | P57: -(휠체어 액세서리) | Q57: 전동휠체어 조이스틱 | R57: WC | W57: ✓ | AJ57: 지역 | AO57: 송근필
A58: 2026-03-04 | B58: 49 | C58: 2026 | D58: 3 | E58: 83 | G58: 완료 | H58: 권채빈 | I58: 2004-05-17 | J58: 여 | L58: 원주시 | M58: 뇌병변 | N58: 교부사업 맞춤형 평가 | O58: plus shower M-1 | P58: 목욕 의자 | Q58: plus shower M-1 / 적합 | R58: ADL | X58: ✓ | AJ58: 연계 | AN58: 종결 | AO58: 송근필
A59: 2026-03-05 | B59: 50 | C59: 2026 | D59: 3 | E59: 96 | G59: 완료 | H59: 송연준 | I59: 1993-04-25 | J59: 여 | L59: 원주시 | M59: 시각 | N59: 교부사업 맞춤형 평가 | O59: 리보3S | P59: 키보드 | Q59: 리보3S / 적합 | R59: CA | X59: ✓ | AJ59: 연계 | AN59: 종결 | AO59: 심채연
A60: 2026-03-10 | B60: 51 | C60: 2026 | D60: 3 | E60: 244 | G60: 완료 | H60: 이모희 | I60: 1973-11-24 | J60: 남 | L60: 영월군 | M60: 시각 | N60: 정보제공(주요사업 외) | O60: 올캠 마이리더 SE | P60: OCR 장치 및 OCR 소프트웨어 (문자판독기) | Q60: 올캠 마이리더 SE 정보제공 | R60: S | AA60: ✓ | AJ60: 지역 | AN60: 종결 | AO60: 심채연
A61: 2026-03-10 | B61: 52 | C61: 2026 | D61: 3 | E61: 17 | G61: 완료 | H61: 배정운 | I61: 1962-12-23 | J61: 남 | L61: 원주시 | M61: 뇌병변 | N61: 교부사업 맞춤형 평가 | O61: WS9550 | P61: 침대 및 탈착식 침대 판/전동조절식 매트리스 지지단 (전동 침대) | Q61: WS9550 / 적합 | R61: ADL | X61: ✓ | AJ61: 연계 | AN61: 종결 | AO61: 양하나
A62: 2026-03-10 | B62: 53 | C62: 2026 | D62: 3 | E62: 34 | G62: 완료 | H62: 김하민 | I62: 2005-08-05 | J62: 남 | L62: 원주시 | M62: 뇌병변 | N62: 교부사업 맞춤형 평가 | O62: 피더시트 | P62: 바닥 특수 앉기 자세유지용 장치 | Q62: 취소 | R62: SP, ADL | X62: ✓ | AJ62: 연계 | AN62: 종결 | AO62: 양하나
A63: 2026-03-10 | B63: 54 | C63: 2026 | D63: 3 | E63: 322 | G63: 완료 | H63: 유양희 | I63: 1962-10-22 | J63: 여 | L63: 원주시 | M63: 뇌병변 | N63: 교부사업 맞춤형 평가 | O63: CA8860L | P63: -(양팔 조작형 보행용 보조기기) | Q63: CA8860L / 적합 | R63: WC | X63: ✓ | AJ63: 연계 | AN63: 종결 | AO63: 양하나
A64: 2026-03-12 | B64: 55 | C64: 2026 | D64: 3 | E64: 18 | G64: 완료 | H64: 신재용 | I64: 1961-02-23 | J64: 남 | L64: 원주시 | M64: 지체 | N64: 교부사업 맞춤형 평가 | O64: 슈트케이스SFAS02 | P64: 휴대용 경사로 | Q64: 슈트케이스SFAS02 / 적합 | R64: EC | X64: ✓ | AJ64: 연계 | AN64: 종결 | AO64: 양하나
A65: 2026-03-12 | B65: 56 | C65: 2026 | D65: 3 | E65: 19 | G65: 완료 | H65: 박상철 | I65: 1962-10-02 | J65: 남 | L65: 원주시 | M65: 뇌병변 | N65: 교부사업 맞춤형 평가 | O65: SW-M260 | P65: 미끄럼 방지용품 | Q65: SW-M260 / 적합 | R65: ADL | X65: ✓ | AJ65: 연계 | AN65: 종결 | AO65: 양하나
A66: 2026-03-12 | B66: 57 | C66: 2026 | D66: 3 | E66: 193 | G66: 완료 | H66: 원현수 | I66: 1985-07-22 | J66: 남 | L66: 원주시 | M66: 뇌병변 | N66: 교부사업 맞춤형 평가 | O66: 전동칫솔 | P66: 전동 칫솔 | Q66: 취소 | R66: ADL | X66: ✓ | AJ66: 연계 | AN66: 종결 | AO66: 이창하
A67: 2026-03-12 | B67: 58 | C67: 2026 | D67: 3 | E67: 205 | G67: 완료 | H67: 최하연 | I67: 2011-02-17 | J67: 여 | L67: 원주시 | M67: 뇌병변 | N67: 교부사업 맞춤형 평가 | O67: 유모차형휠체어 | P67: 유모차형 이동보조기기 | Q67: 취소 | R67: WC | X67: ✓ | AJ67: 연계 | AN67: 종결 | AO67: 양하나
A68: 2026-03-12 | B68: 59 | C68: 2026 | D68: 3 | E68: 87 | G68: 완료 | H68: 정예준 | I68: 2018-09-15 | J68: 남 | L68: 원주시 | M68: 뇌병변 | N68: 대여 | O68: 토마토피더시트 | P68: 바닥 특수 앉기 자세유지용 장치 | Q68: 토마토피더시트 / 6개월 | V68: ✓ | AJ68: 지역 | AN68: 종결 | AO68: 양하나
A69: 2026-03-16 | B69: 60 | C69: 2026 | D69: 3 | E69: 47 | G69: 완료 | H69: 신인준 | I69: 1966-10-13 | J69: 남 | L69: 춘천시 | M69: 뇌병변 | N69: 교부사업 맞춤형 평가 | O69: 우드베니어 모션데스크 | P69: 독서용 탁자, 책상 및 기립형 책상 | Q69: 우드베니어 모션데스크 / 적합 | R69: ADL | X69: ✓ | AJ69: 연계 | AN69: 종결 | AO69: 심채연
A70: 2026-03-16 | B70: 61 | C70: 2026 | D70: 3 | E70: 16 | G70: 완료 | H70: 임무빈 | I70: 1940-10-23 | J70: 여 | L70: 춘천시 | M70: 뇌병변 | N70: 교부사업 맞춤형 평가 | O70: 장애인용유모차 | P70: 유모차형 이동보조기기 | Q70: 취소 | R70: WC | X70: ✓ | AJ70: 연계 | AN70: 종결 | AO70: 심채연
A71: 2026-03-16 | B71: 62 | C71: 2026 | D71: 3 | E71: 23 | G71: 완료 | H71: 이종명 | I71: 1979-02-15 | J71: 남 | L71: 춘천시 | M71: 시각 | N71: 교부사업 맞춤형 평가 | O71: 센스리더 베이직 | P71: 텍스트 음성 변환(TTS) 장치 및 소프트웨어 | Q71: 센스리더 베이직 / 적합 | R71: S | X71: ✓ | AJ71: 연계 | AN71: 종결 | AO71: 심채연
A72: 2026-03-17 | B72: 63 | C72: 2026 | D72: 3 | E72: 84 | G72: 완료 | H72: 김광희 | I72: 1946-07-19 | J72: 남 | L72: 홍천군 | M72: 시각 | N72: 교부사업 맞춤형 평가 | O72: 하티오아이 | P72: 텍스트 음성 변환(TTS) 장치 및 소프트웨어 | Q72: 부적합 | R72: S | X72: ✓ | AJ72: 연계 | AN72: 종결 | AO72: 송근필
A73: 2026-03-17 | B73: 64 | C73: 2026 | D73: 3 | E73: 245 | G73: 완료 | H73: 박혜숙 | I73: 1953-09-07 | J73: 여 | L73: 홍천군 | M73: 지체 | N73: 보조기기 사용 체험 | O73: 슬라이딩보드 | P73: 미끄럼 및 회전을 위한 보조기기 | Q73: 정보제공 | R73: ADL | U73: ✓ | AJ73: 지역 | AN73: 종결 | AO73: 송근필
A74: 2026-03-17 | B74: 65 | C74: 2026 | D74: 3 | E74: 15 | G74: 완료 | H74: 김형준 | I74: 1981-07-30 | J74: 남 | L74: 홍천군 | M74: 지체 | N74: 교부사업 맞춤형 평가 | O74: MSH-505 | P74: 독립형 변기 팔 지지대 및 등 지지대 | Q74: MSH-505 / 적합 | R74: ADL | X74: ✓ | AJ74: 연계 | AN74: 종결 | AO74: 송근필
A75: 2026-03-17 | B75: 66 | C75: 2026 | D75: 3 | E75: 16 | G75: 완료 | H75: 여운일 | I75: 1964-05-09 | J75: 남 | L75: 홍천군 | M75: 뇌병변 | N75: 교부사업 맞춤형 평가 | O75: MSH-505 | P75: 독립형 변기 팔 지지대 및 등 지지대 | Q75: 부적합 | R75: ADL | X75: ✓ | AJ75: 연계 | AN75: 종결 | AO75: 송근필
A76: 2026-03-18 | B76: 67 | C76: 2026 | D76: 3 | E76: 20 | G76: 완료 | H76: 김영래 | I76: 1985-07-07 | J76: 남 | L76: 강릉시 | M76: 시각 | N76: 교부사업 맞춤형 평가 | O76: 독서확대기 | P76: 영상 확대 시스템 | Q76: 리보탭 / 적합 | R76: S | X76: ✓ | AJ76: 연계 | AN76: 종결 | AO76: 양하나
A77: 2026-03-18 | B77: 68 | C77: 2026 | D77: 3 | E77: 21 | G77: 완료 | H77: 심재진 | I77: 1970-03-21 | J77: 남 | L77: 강릉시 | M77: 뇌병변 | N77: 교부사업 맞춤형 평가 | O77: WS9550 | P77: 침대 및 탈착식 침대 판/전동조절식 매트리스 지지단 (전동 침대) | Q77: 전동침대 / 적합 | R77: ADL | X77: ✓ | AJ77: 연계 | AN77: 종결 | AO77: 양하나
A78: 2026-03-20 | B78: 69 | C78: 2026 | D78: 3 | E78: 203 | G78: 미정 | H78: 추옥화 | I78: 1948-03-20 | J78: 여 | L78: 화천군 | M78: 지체 | N78: 맞춤 제작 지원 | O78: 워커 바구니 | P78: 롤레이터(보행차) | Q78: 워커 바구니 제작 | R78: WC | W78: ✓ | AJ78: 연계 | AO78: 송근필
A79: 2026-03-20 | B79: 70 | C79: 2026 | D79: 3 | E79: 193 | G79: 미정 | H79: 전경화 | I79: 1972-01-16 | J79: 남 | L79: 화천군 | M79: 뇌병변 | N79: 맞춤 제작 지원 | O79: 포크 보조기기 | P79: 음식섭취 보조기기 | Q79: 포크 보조기기 | R79: ADL | W79: ✓ | AJ79: 연계 | AO79: 송근필
A80: 2026-03-24 | B80: 71 | C80: 2026 | D80: 3 | E80: 24 | G80: 완료 | H80: 이성근 | I80: 1964-08-17 | J80: 남 | L80: 동해시 | M80: 시각 | N80: 교부사업 맞춤형 평가 | O80: 하티오아이 | P80: OCR 장치 및 OCR 소프트웨어 (문자판독기) | Q80: 하티오아이 v1.10 / 적합 | R80: S | X80: ✓ | AJ80: 연계 | AN80: 종결 | AO80: 심채연
A81: 2026-03-24 | B81: 72 | C81: 2026 | D81: 3 | E81: 104 | G81: 완료 | H81: 조순태 | I81: 1944-08-20 | J81: 여 | L81: 동해시 | M81: 지체 | N81: 교부사업 맞춤형 평가 | O81: 코지워커P02 | P81: -(양팔 조작형 보행용 보조기기) | Q81: 코지워커P02 / 적합 | R81: WC | X81: ✓ | AJ81: 연계 | AN81: 종결 | AO81: 이창하
A82: 2026-03-24 | B82: 73 | C82: 2026 | D82: 3 | E82: 25 | G82: 완료 | H82: 이강우 | I82: 1975-03-09 | J82: 남 | L82: 동해시 | M82: 뇌병변 | N82: 교부사업 맞춤형 평가 | O82: WS9550 | P82: 침대 및 탈착식 침대 판/전동조절식 매트리스 지지단 (전동 침대) | Q82: 전동침대 / 적합 | R82: ADL | X82: ✓ | AJ82: 연계 | AN82: 종결 | AO82: 심채연
A83: 2026-03-26 | B83: 74 | C83: 2026 | D83: 3 | E83: 22 | G83: 미정 | H83: 정호원 | I83: 1986-02-12 | J83: 남 | L83: 속초시 | M83: 뇌병변 | N83: 맞춤 제작 지원 | O83: 휠체어 | P83: #N/A | Q83: 보치아 볼트레이 | W83: ✓ | AJ83: 지역 | AO83: 송근필
A84: 2026-03-26 | B84: 75 | C84: 2026 | D84: 3 | E84: 220 | G84: 완료 | H84: 탁충열 | I84: 1969-04-16 | J84: 남 | L84: 고성군 | M84: 지체 | N84: 교부사업 맞춤형 평가 | O84: SS-1000 | P84: 기립틀 및 기립을 위한 지지대(기립훈련기) | Q84: SS-1000 / 적합 | R84: SP, ADL | X84: ✓ | AJ84: 연계 | AN84: 종결 | AO84: 송근필
A85: 2026-03-26 | B85: 76 | C85: 2026 | D85: 3 | E85: 212 | G85: 완료 | H85: 장희정 | I85: 1969-01-25 | J85: 여 | L85: 춘천시 | M85: 지체 | N85: 맞춤 제작 지원 | O85: 랩보드 | P85: 휠체어용 무릎받침대 | Q85: 랩보드 | R85: SP | W85: ✓ | AN85: 종결 | AO85: 송근필
A86: 2026-03-26 | B86: 77 | C86: 2026 | D86: 3 | E86: 22 | G86: 완료 | H86: 이아름 | I86: 1994-09-21 | J86: 여 | L86: 속초시 | M86: 뇌병변 | N86: 교부사업 맞춤형 평가 | O86: WS9550 | P86: 침대 및 탈착식 침대 판/전동조절식 매트리스 지지단 (전동 침대) | Q86: WS9550 / 추가 | R86: ADL | X86: ✓ | AJ86: 연계 | AN86: 종결 | AO86: 심채연
A87: 2026-03-26 | B87: 78 | C87: 2026 | D87: 3 | E87: 26 | G87: 완료 | H87: 김준형 | I87: 1979-05-31 | J87: 남 | L87: 속초시 | M87: 지체 | N87: 교부사업 맞춤형 평가 | O87: ASC-10 | P87: 목욕 의자 | Q87: ASC-10 / 적합 | R87: ADL | X87: ✓ | AJ87: 연계 | AN87: 종결 | AO87: 송근필
A88: 2026-03-26 | B88: 79 | C88: 2026 | D88: 3 | E88: 205 | G88: 완료 | H88: 최하연 | I88: 2011-02-17 | J88: 여 | L88: 원주시 | M88: 뇌병변 | N88: 대여 | O88: 미뇽 | P88: 유모차형 이동보조기기 | Q88: 미뇽 / 6개월 | R88: WC | V88: ✓ | AJ88: 지역 | AN88: 종결 | AO88: 양하나
A89: 2026-03-27 | B89: 80 | C89: 2026 | D89: 3 | E89: 251 | G89: 완료 | H89: 임찬후 | I89: 2020-06-22 | J89: 남 | L89: 원주시 | M89: 뇌병변 | N89: 대여 | O89: 전방기립훈련기 | P89: 기립틀 및 기립을 위한 지지대(기립훈련기) | Q89: 코지프론스탠더 / 6개월 | R89: SP, ADL | V89: ✓ | AJ89: 지역 | AN89: 종결 | AO89: 양하나
A90: 2026-03-27 | B90: 81 | C90: 2026 | D90: 3 | E90: 27 | G90: 완료 | H90: 김미자 | I90: 1963-06-21 | J90: 여 | L90: 원주시 | M90: 뇌병변 | N90: 정보제공(주요사업 외) | O90: 휠체어컵홀더 | P90: 물건을 고정 또는 옮기기 위하여 보행 보조기기에 부착되는 액세서리 | Q90: 지역센터의뢰 보조기기정보제공 | R90: WC | AA90: ✓ | AJ90: 연계 | AN90: 종결 | AO90: 양하나
A91: 2026-03-27 | B91: 82 | C91: 2026 | D91: 3 | E91: 152 | G91: 완료 | H91: 김옥향 | I91: 1947-02-03 | J91: 여 | L91: 원주시 | M91: 시각 | N91: 대여 | O91: KCS-303 | P91: -(양팔 조작형 보행용 보조기기) | Q91: KCS-303 / 6개월 | R91: WC | V91: ✓ | AJ91: 지역 | AN91: 종결 | AO91: 양하나
A92: 2026-03-27 | B92: 83 | C92: 2026 | D92: 3 | E92: 13 | G92: 완료 | H92: 한지율 | I92: 2024-06-12 | J92: 남 | L92: 춘천시 | M92: 뇌병변 | N92: 정보제공(주요사업 외) | O92: 입시유모차 | P92: 유모차형 이동보조기기 | Q92: 현대모비스 지원사업 신청 | R92: WC | AA92: ✓ | AJ92: 지역 | AN92: 종결 | AO92: 양하나
A93: 2026-03-31 | B93: 84 | C93: 2026 | D93: 3 | E93: 87 | G93: 완료 | H93: 정예준 | I93: 2018-09-15 | J93: 남 | L93: 원주시 | M93: 뇌병변 | N93: 정보제공(주요사업 외) | O93: 미뇽 | P93: 유모차형 이동보조기기 | Q93: 현대모비스 지원사업 신청 | R93: WC | AA93: ✓ | AJ93: 지역 | AN93: 종결 | AO93: 양하나
A94: 2026-03-31 | B94: 85 | C94: 2026 | D94: 3 | E94: 28 | G94: 완료 | H94: 변다온 | I94: 2021-04-12 | J94: 여 | L94: 강릉시 | M94: 뇌병변 | N94: 정보제공(주요사업 외) | O94: 코지수파인스탠더 | P94: 기립틀 및 기립을 위한 지지대(기립훈련기) | Q94: 현대모비스 지원사업 신청 | R94: SP, ADL | AA94: ✓ | AJ94: 지역 | AN94: 종결 | AO94: 양하나
A95: 2026-03-31 | B95: 86 | C95: 2026 | D95: 3 | E95: 6 | G95: 완료 | H95: 안지유 | I95: 2016-08-30 | J95: 여 | L95: 원주시 | M95: 뇌병변 | N95: 정보제공(주요사업 외) | O95: 다기능높낮이조절책상 | P95: 독서용 탁자, 책상 및 기립형 책상 | Q95: 현대모비스 지원사업 신청 | R95: ADL | AA95: ✓ | AJ95: 지역 | AN95: 종결 | AO95: 양하나
A96: 2026-03-31 | B96: 87 | C96: 2026 | D96: 3 | E96: 29 | G96: 완료 | H96: 최민슬 | I96: 2021-06-29 | J96: 여 | L96: 강릉시 | M96: 뇌병변 | N96: 정보제공(주요사업 외) | O96: LV전방전동기립스탠더 | P96: 기립틀 및 기립을 위한 지지대(기립훈련기) | Q96: 현대모비스 지원사업 신청 | R96: SP, ADL | AA96: ✓ | AJ96: 지역 | AN96: 종결 | AO96: 양하나
A97: 2026-03-31 | B97: 88 | C97: 2026 | D97: 3 | E97: 8 | G97: 완료 | H97: 조예샘 | I97: 2017-04-09 | J97: 남 | L97: 춘천시 | M97: 뇌병변 | N97: 정보제공(주요사업 외) | O97: 레스트웨건2 | P97: 유모차형 이동보조기기 | Q97: 현대모비스 지원사업 신청 | R97: WC | AA97: ✓ | AJ97: 지역 | AN97: 종결 | AO97: 양하나
A98: 2026-03-31 | B98: 89 | C98: 2026 | D98: 3 | E98: 68 | G98: 완료 | H98: 이다온 | I98: 2019-03-23 | J98: 남 | L98: 춘천시 | M98: 뇌병변 | N98: 정보제공(주요사업 외) | O98: LV체형복원이너 | P98: 자세보조용구 | Q98: 현대모비스 지원사업 신청 | R98: SP | AA98: ✓ | AJ98: 지역 | AN98: 종결 | AO98: 양하나
A99: 2026-03-31 | B99: 90 | C99: 2026 | D99: 3 | E99: 254 | G99: 완료 | H99: 전소윤 | I99: 2023-09-01 | J99: 여 | L99: 원주시 | M99: 뇌병변 | N99: 정보제공(주요사업 외) | O99: 모션큐 이보크 1100 | P99: 침대 및 탈착식 침대 판/전동조절식 매트리스 지지단 (전동 침대) | Q99: 현대모비스 지원사업 신청 | R99: ADL | AA99: ✓ | AJ99: 지역 | AN99: 종결 | AO99: 양하나
A100: 2026-03-31 | B100: 91 | C100: 2026 | D100: 3 | E100: 30 | G100: 완료 | H100: 엄영섭 | I100: 1971-05-30 | J100: 남 | L100: 원주시 | M100: 지체 | N100: 교부사업 맞춤형 평가 | O100: ws900 | P100: 침대 및 탈착식 침대 판/전동조절식 매트리스 지지단 (전동 침대) | Q100: 교부사업 적합 | R100: ADL | X100: ✓ | AJ100: 연계 | AN100: 종결 | AO100: 송근필
A101: 2026-04-07 | B101: 92 | C101: 2026 | D101: 4 | E101: 27 | G101: 완료 | H101: 김미자 | I101: 1963-06-21 | J101: 여 | L101: 원주시 | M101: 뇌병변 | N101: 맞춤 제작 지원 | O101: 휠체어 컵홀더 | P101: 물건을 고정 또는 옮기기 위하여 보행 보조기기에 부착되는 액세서리 | Q101: 휠체어컵홀더 | R101: WC | W101: ✓ | AJ101: 연계 | AN101: 종결 | AO101: 양하나
A102: 2026-04-08 | B102: 93 | C102: 2026 | D102: 4 | E102: 31 | G102: 완료 | H102: 윤희구자 | I102: 1970-03-21 | J102: 여 | L102: 강릉시 | M102: 뇌병변 | N102: 교부사업 맞춤형 평가 | O102: 자동소변수집장치(여성) | P102: 소변 수집 장치 | Q102: 교부사업 적합 | R102: ADL | X102: ✓ | AJ102: 연계 | AN102: 종결 | AO102: 송근필
...

Sheet 제품명
A1: ㅋ | B1: 사업명 | C1: 대분류 | D1: 중분류 | E1: 소분류 | F1: 보조기기 명(기관에서 받은거)
A2: 전동스쿠터 우비 G2 | B2: 기타(미등록 보조기기) | E2: -(의류 및 신발)
A3: 테이블 작업용 전동 서랍 1800×900×700 1200 | B3: 보조공학기기지급사업 | C3: 작업 활동 및 취업 참여용 보조기기 | D3: 작업장내 가구 및 비품요소 | E3: 작업 책상 | F3: 테이블 작업용 전동 서랍 1800×900×700 1200
A4: #300 | B4: 기타(미등록 보조기기) | E4: -(양팔 조작형 보행용 보조기기)
A5: 2.OAL | B5: 장애인보조기기 지급사업(건강보험, 의료급여) | C5: 개인 가동성 및 수송과 관련된 활동 및 참여용 보조기기 | D5: 수동휠체어 | E5: 일반형 수동휠체어(양 손 추진 휠체어) | F5: 수동휠체어-활동형
A6: 24인치 멀티터치모니터/TV | B6: 정보통신보조기기보급사업 | C6: 의사소통 및 정보관리용 보조기기 | D6: 출력 장치 | E6: 시각 디스플레이 | F6: 터치모니터
A7: 24인치 멀티확대 터치모니터 LED TV | B7: 정보통신보조기기보급사업 | C7: 의사소통 및 정보관리용 보조기기 | D7: 출력 장치 | E7: 시각 디스플레이 | F7: 터치모니터
A8: 24인치 모니터 LED TV | B8: 정보통신보조기기보급사업 | C8: 의사소통 및 정보관리용 보조기기 | D8: 출력 장치 | E8: 시각 디스플레이 | F8: 터치모니터
A9: 24인치 화면 확대 터치 모니터 | B9: 정보통신보조기기보급사업 | C9: 의사소통 및 정보관리용 보조기기 | D9: 출력 장치 | E9: 시각 디스플레이 | F9: 터치모니터
A10: 24인치멀티확대터치모니터 | B10: 기타(미등록 보조기기) | E10: 시각 디스플레이
A11: 24인치멀티확대터치모니터TV | B11: 보조공학기기지급사업 | C11: 의사소통 및 정보관리용 보조기기 | D11: 출력 장치 | E11: 시각 디스플레이 | F11: 24인치멀티확대터치모니터TV(2023년)
A12: 24인치일체형터치모니터 | B12: 보조공학기기지급사업 | C12: 의사소통 및 정보관리용 보조기기 | D12: 출력 장치 | E12: 시각 디스플레이 | F12: 24인치일체형터치모니터(2023년)
A13: 24인치정전식터치모니터(엘피케이에스) | B13: 보조공학기기지급사업 | C13: 의사소통 및 정보관리용 보조기기 | D13: 출력 장치 | E13: 시각 디스플레이 | F13: 24인치정전식터치모니터(엘피케이에스)(2022년)
A14: 27인치 멀티터치모니터 | B14: 정보통신보조기기보급사업 | C14: 의사소통 및 정보관리용 보조기기 | D14: 출력 장치 | E14: 시각 디스플레이 | F14: 터치모니터
A15: 27인치 정전식 터치모니터 | B15: 정보통신보조기기보급사업 | C15: 의사소통 및 정보관리용 보조기기 | D15: 출력 장치 | E15: 시각 디스플레이 | F15: 터치모니터 | I15: ㄹ
A16: 27인치4K거치형모니터 | B16: 보조공학기기지급사업 | C16: 의사소통 및 정보관리용 보조기기 | D16: 출력 장치 | E16: 시각 디스플레이 | F16: 27인치4K거치형모니터(2023년)
A17: 27인치IR터치모니터 | B17: 보조공학기기지급사업 | C17: 의사소통 및 정보관리용 보조기기 | D17: 출력 장치 | E17: 시각 디스플레이 | F17: 27인치IR터치모니터(2023년)
A18: 27인치멀티확대터치모니터 | B18: 기타(미등록 보조기기) | E18: 시각 디스플레이
A19: 27인치멀티확대터치모니터TV | B19: 보조공학기기지급사업 | C19: 의사소통 및 정보관리용 보조기기 | D19: 출력 장치 | E19: 시각 디스플레이 | F19: 27인치멀티확대터치모니터TV(2023년)
A20: 27인치화면확대터치모니터 | B20: 보조공학기기지급사업 | C20: 의사소통 및 정보관리용 보조기기 | D20: 출력 장치 | E20: 시각 디스플레이 | F20: 27인치화면확대터치모니터(2023년)
A21: 27인치화면확대터치모니터 | B21: 정보통신보조기기보급사업 | C21: 의사소통 및 정보관리용 보조기기 | D21: 출력 장치 | E21: 시각 디스플레이 | F21: 터치모니터
A22: 2GX | B22: 장애인보조기기 지급사업(건강보험, 의료급여) | C22: 개인 가동성 및 수송과 관련된 활동 및 참여용 보조기기 | D22: 수동휠체어 | E22: 일반형 수동휠체어(양 손 추진 휠체어) | F22: ㄹ
A23: 300/라벤다 | B23: 기타(미등록 보조기기) | E23: -(양팔 조작형 보행용 보조기기)
A24: 32인치 IR 터치모니터 | B24: 보조공학기기지급사업 | C24: 의사소통 및 정보관리용 보조기기 | D24: 출력 장치 | E24: 시각 디스플레이 | F24: 32인치IR터치모니터(2023년)
A25: 32인치 IR 터치모니터 | B25: 정보통신보조기기보급사업 | C25: 의사소통 및 정보관리용 보조기기 | D25: 출력 장치 | E25: 시각 디스플레이 | F25: 터치모니터
A26: 32인치4K모니터 | B26: 보조공학기기지급사업 | C26: 의사소통 및 정보관리용 보조기기 | D26: 출력 장치 | E26: 시각 디스플레이 | F26: 32인치4K모니터(2022년)
A27: 32인치IR모니터 | B27: 보조공학기기지급사업 | C27: 의사소통 및 정보관리용 보조기기 | D27: 출력 장치 | E27: 시각 디스플레이 | F27: 32인치IR모니터(2022년)
A28: 32인치모니터 | B28: 보조공학기기지급사업 | C28: 의사소통 및 정보관리용 보조기기 | D28: 출력 장치 | E28: 시각 디스플레이 | F28: 32인치모니터(2022년)
A29: 32인치일체형LED모니터 | B29: 보조공학기기지급사업 | C29: 의사소통 및 정보관리용 보조기기 | D29: 출력 장치 | E29: 시각 디스플레이 | F29: 32인치일체형LED모니터(2023년)
A30: 360 컵홀더 | B30: 기타(미등록 보조기기) | E30: -(휠체어 액세서리)
A31: 3D-1 | B31: 장애인보조기기 지급사업(건강보험, 의료급여) | C31: 신경근골격계 기능 또는 움직임 관련 기능을 지지하기 위하여 그리고 해부학적 구조를 대체하기 위하여 신체에 부착되는 보조기기 | D31: 기타 의지 | E31: 의안 | F31: 의안
A32: 3GTQSP-3GTQSPR2 | B32: 장애인보조기기 지급사업(건강보험, 의료급여) | C32: 개인 가동성 및 수송과 관련된 활동 및 참여용 보조기기 | D32: 동력 구동 휠체어 | E32: 전동 휠체어 (전동 조향식 전동 휠체어) | F32: 전동 휠체어
A33: 3STAR | B33: 보조공학기기지급사업 | C33: 의사소통 및 정보관리용 보조기기 | D33: 읽기, 쓰기, 그리기 보조기기 | E33: DAISY 플레이어 및 전자책 리더 | F33: 3STAR(N2021년)
A34: 3STAR | B34: 기타(미등록 보조기기) | E34: DAISY 플레이어 및 전자책 리더
A35: 3STAR 2 | B35: 기타(미등록 보조기기) | E35: DAISY 플레이어 및 전자책 리더
A36: 3단 리프트 전동 책상 | B36: 기타(미등록 보조기기) | E36: 독서용 탁자, 책상 및 기립형 책상
A37: 3모터 전동침대(HBA-333) | B37: 기타(미등록 보조기기) | E37: 침대 및 탈착식 침대 판/전동조절식 매트리스 지지단 (전동 침대)
A38: 3점압 모듈러 이너 | B38: 장애인보조기기 지급사업(건강보험, 의료급여) | C38: 인공적 실내외 활동 지지용 가구, 설비 및 기타 보조기기 | D38: 앉기 자세유지용 장치 | E38: 자세보조용구 | F38: 자세보조용구
A39: 4081WS | B39: 장애인보조기기 지급사업(건강보험, 의료급여) | C39: 개인 가동성 및 수송과 관련된 활동 및 참여용 보조기기 | D39: 양팔 조작형 보행용 보조기기 | E39: 롤레이터(보행차) | F39: 전방보행차
A40: 4DM-002 | B40: 노인장기요양보험 복지용구 지급사업 | C40: 인공적 실내외 활동 지지용 가구, 설비 및 기타 보조기기 | D40: 주택 및 기타 토지용 안전 설비 | E40: 미끄럼 방지용품 | F40: 미끄럼 방지용품
A41: 4DM-101 | B41: 노인장기요양보험 복지용구 지급사업 | C41: 인공적 실내외 활동 지지용 가구, 설비 및 기타 보조기기 | D41: 주택 및 기타 토지용 안전 설비 | E41: 미끄럼 방지용품 | F41: 미끄럼 방지용품
A42: 4DM-102 | B42: 노인장기요양보험 복지용구 지급사업 | C42: 인공적 실내외 활동 지지용 가구, 설비 및 기타 보조기기 | D42: 주택 및 기타 토지용 안전 설비 | E42: 미끄럼 방지용품 | F42: 미끄럼 방지용품
A43: 4DM-203 | B43: 노인장기요양보험 복지용구 지급사업 | C43: 인공적 실내외 활동 지지용 가구, 설비 및 기타 보조기기 | D43: 주택 및 기타 토지용 안전 설비 | E43: 미끄럼 방지용품 | F43: 미끄럼 방지용품
A44: 4DM-204 | B44: 노인장기요양보험 복지용구 지급사업 | C44: 인공적 실내외 활동 지지용 가구, 설비 및 기타 보조기기 | D44: 주택 및 기타 토지용 안전 설비 | E44: 미끄럼 방지용품 | F44: 미끄럼 방지용품
A45: 4DM-208 | B45: 노인장기요양보험 복지용구 지급사업 | C45: 인공적 실내외 활동 지지용 가구, 설비 및 기타 보조기기 | D45: 주택 및 기타 토지용 안전 설비 | E45: 미끄럼 방지용품 | F45: 미끄럼 방지용품
A46: 4DM-210 | B46: 노인장기요양보험 복지용구 지급사업 | C46: 인공적 실내외 활동 지지용 가구, 설비 및 기타 보조기기 | D46: 주택 및 기타 토지용 안전 설비 | E46: 미끄럼 방지용품 | F46: 미끄럼 방지용품
A47: 4DM-211 | B47: 노인장기요양보험 복지용구 지급사업 | C47: 인공적 실내외 활동 지지용 가구, 설비 및 기타 보조기기 | D47: 주택 및 기타 토지용 안전 설비 | E47: 미끄럼 방지용품 | F47: 미끄럼 방지용품
A48: 4DM-301 | B48: 노인장기요양보험 복지용구 지급사업 | C48: 인공적 실내외 활동 지지용 가구, 설비 및 기타 보조기기 | D48: 주택 및 기타 토지용 안전 설비 | E48: 미끄럼 방지용품 | F48: 미끄럼 방지용품
A49: 4DM-302 | B49: 노인장기요양보험 복지용구 지급사업 | C49: 인공적 실내외 활동 지지용 가구, 설비 및 기타 보조기기 | D49: 주택 및 기타 토지용 안전 설비 | E49: 미끄럼 방지용품 | F49: 미끄럼 방지용품
... A52: 4DM-307 | B52: 노인장기요양보험 복지용구 지급사업 | C52: 인공적 실내외 활동 지지용 가구, 설비 및 기타 보조기기 | D52: 주택 및 기타 토지용 안전 설비 | E52: 미끄럼 방지용품 | F52: 미끄럼 방지용품
A53: 4발지팡이 | B53: 기타(미등록 보조기기) | E53: 지팡이 | F53: WC
A54: 4팁 워커 | B54: 기타(미등록 보조기기) | E54: -(양팔 조작형 보행용 보조기기) | F54: 양팔조작형 보행용 보조기기 vs 롤레이터(보행차)
A55: 533-900 | B55: 노인장기요양보험 복지용구 지급사업 | C55: 자기관리 활동 및 참여용 보조기기 | D55: 화장실용 보조기기 | E55: 이동변기(변기 겸용 의자) | F55: 이동변기
A56: AB02 | B56: 노인장기요양보험 복지용구 지급사업 | C56: 개인 가동성 및 수송과 관련된 활동 및 참여용 보조기기 | D56: 휠체어 착석용 액세서리 | E56: 좌석 쿠션 및 깔개 | F56: 자세변환용구
A57: ABM-101 | B57: 노인장기요양보험 복지용구 지급사업 | C57: 측정, 자극, 또는 생리학적/정신적 기능 훈련용 보조기기 | D57: 욕창 예방용 보조기기 | E57: 욕창예방 방석(피부 손상방지용 방석 및 깔개) | F57: 욕창예방방석
A58: ABM-101 | B58: 장애인보조기기 지급사업(건강보험, 의료급여) | C58: 측정, 자극, 또는 생리학적/정신적 기능 훈련용 보조기기 | D58: 욕창 예방용 보조기기 | E58: 욕창예방 방석(피부 손상방지용 방석 및 깔개) | F58: 욕창예방 방석
A59: ABM-101 | B59: 장애인보조기기교부사업 | C59: 측정, 자극, 또는 생리학적/정신적 기능 훈련용 보조기기 | D59: 욕창 예방용 보조기기 | E59: 욕창예방 방석(피부 손상방지용 방석 및 깔개) | F59: 욕창예방 방석
A60: ABM-103 | B60: 장애인보조기기 지급사업(건강보험, 의료급여) | C60: 측정, 자극, 또는 생리학적/정신적 기능 훈련용 보조기기 | D60: 욕창 예방용 보조기기 | E60: 욕창예방 방석(피부 손상방지용 방석 및 깔개) | F60: 욕창예방 방석
A61: ABM-103 | B61: 장애인보조기기교부사업 | C61: 측정, 자극, 또는 생리학적/정신적 기능 훈련용 보조기기 | D61: 욕창 예방용 보조기기 | E61: 욕창예방 방석(피부 손상방지용 방석 및 깔개) | F61: 욕창예방 방석
A62: ABP-101 | B62: 노인장기요양보험 복지용구 지급사업 | C62: 자기관리 활동 및 참여용 보조기기 | D62: 화장실용 보조기기 | E62: 간이변기(변기 좌석) | F62: 간이변기
A63: ABP-105 | B63: 노인장기요양보험 복지용구 지급사업 | C63: 자기관리 활동 및 참여용 보조기기 | D63: 화장실용 보조기기 | E63: 간이변기(변기 좌석) | F63: 간이변기
A64: ABP-106 | B64: 노인장기요양보험 복지용구 지급사업 | C64: 자기관리 활동 및 참여용 보조기기 | D64: 화장실용 보조기기 | E64: 간이변기(변기 좌석) | F64: 간이변기
A65: AC-101(전동욕창방석) | B65: 보조공학기기지급사업 | C65: 측정, 자극, 또는 생리학적/정신적 기능 훈련용 보조기기 | D65: 욕창 예방용 보조기기 | E65: 욕창예방 방석(피부 손상방지용 방석 및 깔개) | F65: AC-101(전동욕창방석)(2023년)
A66: Action 3 NG | B66: 기타(미등록 보조기기) | E66: 일반형 수동휠체어(양 손 추진 휠체어)
A67: AD-1200 DL/V | B67: 노인장기요양보험 복지용구 지급사업 | C67: 측정, 자극, 또는 생리학적/정신적 기능 훈련용 보조기기 | D67: 욕창 예방용 보조기기 | E67: 욕창예방 매트리스(와상용 피부 손상방지 보조기기) | F67: 욕창예방 매트리스
A68: AD-1300 | B68: 노인장기요양보험 복지용구 지급사업 | C68: 측정, 자극, 또는 생리학적/정신적 기능 훈련용 보조기기 | D68: 욕창 예방용 보조기기 | E68: 욕창예방 매트리스(와상용 피부 손상방지 보조기기) | F68: 욕창예방 매트리스
A69: AD-1300 Mute Bio Double | B69: 노인장기요양보험 복지용구 지급사업 | C69: 측정, 자극, 또는 생리학적/정신적 기능 훈련용 보조기기 | D69: 욕창 예방용 보조기기 | E69: 욕창예방 매트리스(와상용 피부 손상방지 보조기기) | F69: 욕창예방 매트리스
A70: AD-1300 Mute Bio Double | B70: 장애인보조기기 지급사업(건강보험, 의료급여) | C70: 측정, 자극, 또는 생리학적/정신적 기능 훈련용 보조기기 | D70: 욕창 예방용 보조기기 | E70: 욕창예방 매트리스(와상용 피부 손상방지 보조기기) | F70: 욕창예방 매트리스
A71: AD-1300 MUTE FOAM | B71: 노인장기요양보험 복지용구 지급사업 | C71: 측정, 자극, 또는 생리학적/정신적 기능 훈련용 보조기기 | D71: 욕창 예방용 보조기기 | E71: 욕창예방 매트리스(와상용 피부 손상방지 보조기기) | F71: 욕창예방 매트리스
A72: AD-1300 MUTE FOAM | B72: 장애인보조기기 지급사업(건강보험, 의료급여) | C72: 측정, 자극, 또는 생리학적/정신적 기능 훈련용 보조기기 | D72: 욕창 예방용 보조기기 | E72: 욕창예방 매트리스(와상용 피부 손상방지 보조기기) | F72: 욕창예방 매트리스
A73: AD-1400 | B73: 기타(미등록 보조기기) | E73: 욕창예방 매트리스(와상용 피부 손상방지 보조기기)
A74: AD-1800 | B74: 기타(미등록 보조기기) | E74: 욕창예방 매트리스(와상용 피부 손상방지 보조기기)
A75: AD-1800 Turning | B75: 노인장기요양보험 복지용구 지급사업 | C75: 측정, 자극, 또는 생리학적/정신적 기능 훈련용 보조기기 | D75: 욕창 예방용 보조기기 | E75: 욕창예방 매트리스(와상용 피부 손상방지 보조기기) | F75: 욕창예방 매트리스
A76: AD-1800 Turning | B76: 장애인보조기기 지급사업(건강보험, 의료급여) | C76: 측정, 자극, 또는 생리학적/정신적 기능 훈련용 보조기기 | D76: 욕창 예방용 보조기기 | E76: 욕창예방 매트리스(와상용 피부 손상방지 보조기기) | F76: 욕창예방 매트리스
A77: AD-2400(이어폰) | B77: 기타(미등록 보조기기) | E77: 헤드폰, 이어폰 및 헤드셋
A78: AD-2400(이어후크) | B78: 기타(미등록 보조기기) | E78: 보청기용 음향 중계시스템
A79: AD-7 MUTE | B79: 노인장기요양보험 복지용구 지급사업 | C79: 측정, 자극, 또는 생리학적/정신적 기능 훈련용 보조기기 | D79: 욕창 예방용 보조기기 | E79: 욕창예방 매트리스(와상용 피부 손상방지 보조기기) | F79: 욕창예방 매트리스
A80: AD-7 MUTE | B80: 장애인보조기기 지급사업(건강보험, 의료급여) | C80: 측정, 자극, 또는 생리학적/정신적 기능 훈련용 보조기기 | D80: 욕창 예방용 보조기기 | E80: 욕창예방 매트리스(와상용 피부 손상방지 보조기기) | F80: 욕창예방 매트리스
A81: AD-Ⅱ L/V TPU | B81: 노인장기요양보험 복지용구 지급사업 | C81: 측정, 자극, 또는 생리학적/정신적 기능 훈련용 보조기기 | D81: 욕창 예방용 보조기기 | E81: 욕창예방 매트리스(와상용 피부 손상방지 보조기기) | F81: 욕창예방 매트리스
A82: AD-Ⅲ BIDET | B82: 노인장기요양보험 복지용구 지급사업 | C82: 측정, 자극, 또는 생리학적/정신적 기능 훈련용 보조기기 | D82: 욕창 예방용 보조기기 | E82: 욕창예방 매트리스(와상용 피부 손상방지 보조기기) | F82: 욕창예방 매트리스
A83: AD-Ⅲ BIDET | B83: 장애인보조기기 지급사업(건강보험, 의료급여) | C83: 측정, 자극, 또는 생리학적/정신적 기능 훈련용 보조기기 | D83: 욕창 예방용 보조기기 | E83: 욕창예방 매트리스(와상용 피부 손상방지 보조기기) | F83: 욕창예방 매트리스
A84: AD-Ⅲ MUTE Bio Double | B84: 노인장기요양보험 복지용구 지급사업 | C84: 측정, 자극, 또는 생리학적/정신적 기능 훈련용 보조기기 | D84: 욕창 예방용 보조기기 | E84: 욕창예방 매트리스(와상용 피부 손상방지 보조기기) | F84: 욕창예방 매트리스
A85: AD-Ⅲ MUTE Bio Double | B85: 장애인보조기기 지급사업(건강보험, 의료급여) | C85: 측정, 자극, 또는 생리학적/정신적 기능 훈련용 보조기기 | D85: 욕창 예방용 보조기기 | E85: 욕창예방 매트리스(와상용 피부 손상방지 보조기기) | F85: 욕창예방 매트리스
A86: AD-Ⅲ TPU BEAM | B86: 노인장기요양보험 복지용구 지급사업 | C86: 측정, 자극, 또는 생리학적/정신적 기능 훈련용 보조기기 | D86: 욕창 예방용 보조기기 | E86: 욕창예방 매트리스(와상용 피부 손상방지 보조기기) | F86: 욕창예방 매트리스
A87: AD-Ⅲ TPU BEAM | B87: 장애인보조기기 지급사업(건강보험, 의료급여) | C87: 측정, 자극, 또는 생리학적/정신적 기능 훈련용 보조기기 | D87: 욕창 예방용 보조기기 | E87: 욕창예방 매트리스(와상용 피부 손상방지 보조기기) | F87: 욕창예방 매트리스
A88: AD-Ⅲ TPU L/V | B88: 노인장기요양보험 복지용구 지급사업 | C88: 측정, 자극, 또는 생리학적/정신적 기능 훈련용 보조기기 | D88: 욕창 예방용 보조기기 | E88: 욕창예방 매트리스(와상용 피부 손상방지 보조기기) | F88: 욕창예방 매트리스
A89: AD-Ⅲ TPU L/V | B89: 장애인보조기기 지급사업(건강보험, 의료급여) | C89: 측정, 자극, 또는 생리학적/정신적 기능 훈련용 보조기기 | D89: 욕창 예방용 보조기기 | E89: 욕창예방 매트리스(와상용 피부 손상방지 보조기기) | F89: 욕창예방 매트리스
A90: ADI카본등받이 | B90: 보조공학기기지급사업 | C90: 개인 가동성 및 수송과 관련된 활동 및 참여용 보조기기 | D90: 휠체어 착석용 액세서리 | E90: 휠체어 등받이 | F90: ADI카본등받이
... A94: AFC-1500 | B94: 장애인보조기기 지급사업(건강보험, 의료급여) | C94: 개인 가동성 및 수송과 관련된 활동 및 참여용 보조기기 | D94: 들어올리기용 보조기기 | E94: 이동식 리프트 | F94: 이동식 리프트
A95: AFC-900 | B95: 기타(미등록 보조기기) | E95: 의자식 리프트 및 운반 장치 | F95: ADL
A96: AFM-02 | B96: 노인장기요양보험 복지용구 지급사업 | C96: 인공적 실내외 활동 지지용 가구, 설비 및 기타 보조기기 | D96: 주택 및 기타 토지용 안전 설비 | E96: 미끄럼 방지용품 | F96: 미끄럼 방지용품
A97: AFM-03 | B97: 노인장기요양보험 복지용구 지급사업 | C97: 인공적 실내외 활동 지지용 가구, 설비 및 기타 보조기기 | D97: 주택 및 기타 토지용 안전 설비 | E97: 미끄럼 방지용품 | F97: 미끄럼 방지용품
A98: AFM-03 | B98: 기타(미등록 보조기기) | E98: 미끄럼 방지용품
A99: AFM-04(교부사업) | B99: 장애인보조기기교부사업 | C99: 자기관리 활동 및 참여용 보조기기 | D99: 씻기, 목욕, 샤워용 보조기기 | E99: 목욕용 미끄럼 방지용품 | F99: 목욕용 미끄럼방지용품
A100: AFM-04(노인장기) | B100: 노인장기요양보험 복지용구 지급사업 | C100: 인공적 실내외 활동 지지용 가구, 설비 및 기타 보조기기 | D100: 주택 및 기타 토지용 안전 설비 | E100: 미끄럼 방지용품 | F100: 미끄럼 방지용품
A101: AFM-05 | B101: 노인장기요양보험 복지용구 지급사업 | C101: 인공적 실내외 활동 지지용 가구, 설비 및 기타 보조기기 | D101: 주택 및 기타 토지용 안전 설비 | E101: 미끄럼 방지용품 | F101: 미끄럼 방지용품
A102: AFM-06(교부사업) | B102: 장애인보조기기교부사업 | C102: 자기관리 활동 및 참여용 보조기기 | D102: 씻기, 목욕, 샤워용 보조기기 | E102: 목욕용 미끄럼 방지용품 | F102: 목욕용 미끄럼방지용품
A103: AFM-06(노인장기) | B103: 노인장기요양보험 복지용구 지급사업 | C103: 인공적 실내외 활동 지지용 가구, 설비 및 기타 보조기기 | D103: 주택 및 기타 토지용 안전 설비 | E103: 미끄럼 방지용품 | F103: 미끄럼 방지용품
A104: AFM-07 | B104: 장애인보조기기교부사업 | C104: 자기관리 활동 및 참여용 보조기기 | D104: 씻기, 목욕, 샤워용 보조기기 | E104: 목욕용 미끄럼 방지용품 | F104: 목욕용 미끄럼방지용품
A105: AGC1616 | B105: 기타(미등록 보조기기) | E105: 욕창예방 방석(피부 손상방지용 방석 및 깔개) | F105: SP
...

Sheet 품목명
B1: 품목고시 명칭에 따른 보조기기 영역
B3: 연번 | C3: 품목고시 명칭 | D3: 보조기기 영역
B4: 1 | C4: (등-)허리-엉치-엉덩-무릎-발목-발 보조기 | D4: ADL
B5: 2 | C5: 2인 이상용 2륜 자전거, 3륜 자전거, 4륜 자전거 | D5: L
B6: 3 | C6: DAISY 플레이어 및 전자책 리더 | D6: S
B7: 4 | C7: OCR 장치 및 OCR 소프트웨어 (문자판독기) | D7: S
B8: 5 | C8: 가발 | D8: ADL
B9: 6 | C9: 가스 공급용 안전밸브 | D9: EC
B10: 7 | C10: 가슴 보형물 | D10: ADL
B11: 8 | C11: 가위 | D11: ADL
B12: 9 | C12: 각도 측정용 보조기기 및 도구 | D12: ADL
B13: 10 | C13: 간이 리프트(호이스트용 신체지지 장치) | D13: ADL
B14: 11 | C14: 간이변기(변기 좌석) | D14: ADL
B15: 12 | C15: 감각 통합 훈련용 보조 기기 | D15: ADL
... B782: 779 | C782: 흰 지팡이와 심벌 지팡이용 액세서리 | D782: S
B783: 품목고시외 | C783: -(양팔 조작형 보행용 보조기기) | D783: WC
B784: 품목고시외 | C784: -(시각보조기기) | D784: S
B785: 품목고시외 | C785: -(의류 및 신발) | D785: ADL
B786: 품목고시외 | C786: -(휠체어 액세서리) | D786: WC
B787: 품목고시외 | C787: -(직업 평가 및 직업 훈련용 보조기기) | D787: ADL
B788: 품목고시외 | C788: -다리보조기 | D788: ADL
B789: 품목고시외 | C789: -척추 및 머리보조기 | D789: ADL
B790: 품목고시외 | C790: -팔보조기 | D790: ADL
B791: 품목고시외 | C791: -(동력 구동 휠체어) | D791: WC
