Workbook

Sheet 2026
B1: <안내 사항> 1. 향후 각 보조기기센터 콜센터 상담일지 내용 취합 시 개인정보보호법 해당되는 의뢰인 성명, 의뢰인 연락처에 해당되는 항목은 제외하여 회신 * 의뢰인 성명, 의뢰인 연락처 : 개인을 알아볼 수 있는 정보(해당 정보만으로는 특정 개인을 알아볼 수 없더라도 다른 정보와 쉽게 결합하여 알아볼 수 있는 것을 포함함) 2. 엑셀시트 항목 중 진한글씨항목(연번, 상담일, 의뢰외 유형, 상담내용(질문유형, 질문내용, 답볍))은 필수항목이므로 반드시 입력, 이외 나머지는 선택사항임 3. 상담내용 작성 시, 반드시 질문유형(공적급여, 민간급여, 보조기기, 사례연계, 기타)에 한가지는 입력 후 질문내용 및 답변 입력 필요
B4: 일반정보 | M4: 상담내용 | T4: 상담자
B5: 연번 | C5: 상담일 | D5: 의뢰인 성명 | E5: 의뢰인 지역 또는 소속 | F5: 의뢰인 연락처 | G5: 의뢰인 유형 | H5: 대상자 성명 | I5: 대상자 성별 | J5: 대상자 장애유형 | K5: 대상자 장애정도 | L5: 대상자 경제상황 | M5: 질문 유형 | R5: 질문내용 | S5: 답변 (상담에 따른 조치사항 등)
M6: 공적급여 | N6: 민간급여 | O6: 보조기기 | P6: 사례연계 | Q6: 기타
M7: =COUNTA(M9:M283) -> 11 | N7: =COUNTA(N9:N283) -> 9 | O7: =COUNTA(O9:O283) -> 33 | P7: =COUNTA(P9:P283) -> 1 | Q7: =COUNTA(Q9:Q283) -> 4
B8: =COUNTA(B9:B283) -> 185 | C8: =COUNTA(C9:C283) -> 72 | G8: =COUNTA(G9:G283) -> 70 | M8: =SUM(M7:Q7) -> 58
B9: =ROW()-8 -> 1 | C9: 46029 | D9: 김인욱 | E9: 강릉 | F9: 010-3718-8962 | G9: 장애 당사자 | O9: 대여 | R9: 안구마우스 반납 관련 문의 | S9: 현재 출장 방문이 어려운 상황으로, 추후 출장 일정이 확정되는 대로 연락드린 후 보조기기 수거를 진행할 예정임을 안내함. | T9: 심채연
B10: =ROW()-8 -> 2 | C10: 45664 | E10: 동해시장애요양원 | F10: 070-4259-4701 010-3487-3471 | G10: 유관기관 종사자 | O10: 대여 | R10: 바디서포트 대여 문의 | S10: 현재 대여 사업이 시작되지 않아, 대여 사업이 시작하면 사전에 연락드릴 수 있도록 보조기기 대기명단 안내와 등록과정을 도와드림. | T10: 심채연
B11: =ROW()-8 -> 3 | C11: 46029 | E11: 원주 발달장애인 통합돌봄서비스 제공기관 | F11: 010-3221-6143 | G11: 유관기관 종사자 | O11: 대여 | R11: 휠체어 침상을 이동할 수 있는 보조기기에 대한 정보 문의 | S11: 이동식 전동 리프트, 슬라이딩보드 및 시트 정보를 안내드림. | T11: 심채연
B12: =ROW()-8 -> 4 | C12: 46031 | E12: 원주 | F12: 010-8800-7532 | G12: 보호자 및 지인 | R12: 장애인등록은 되어 있으시고 기초생활수급자이고 보조기기 지원사업에 대해서 안내 | S12: 교부사업에 대해서 안내해드렸음. | T12: 이창하
B13: =ROW()-8 -> 5 | C13: 46034 | D13: 전기택 | E13: 춘천 | F13: 010-7368-1174 | G13: 보호자 및 지인 | R13: 보조기기 교부사업 신청 안내 및 건강보험공단 보조기기 지원사업 안내에 대한 문의를 주셨음. | S13: 건강보험공단 보조기기 지원사업 연락처 안내 및 교부사업 신청 안내 | T13: 이창하
B14: =ROW()-8 -> 6 | C14: 46037 | E14: 원주 | F14: 010-2240-8667 | G14: 보호자 및 지인 | H14: 김지원 | I14: 남 | J14: 자폐 | K14: 중증 | O14: 대여 | R14: 마이토키 스마트 대여 관련 문의 | S14: 현재 발생되고 있는 문제(상징물 저장 안됨)에 대해 해결 방안을 안내드렸음. | T14: 심채연
B15: =ROW()-8 -> 7 | C15: 46037 | E15: 원주 | F15: 010-2018-0313 | G15: 보호자 및 지인 | H15: 한윤주 | I15: 여 | J15: 지체 | O15: 대여 | R15: 좌석형 계단식 리프트 대여 요청 | S15: 현재 대여나간 품목이기 때문에 당장은 대여가 불가능하다는 점을 안내드렸고, 추후 반납 시 연락드릴 수 있도록 보조기기 대기 명단 안내와 등록과정을 도와드림. | T15: 심채연
B16: =ROW()-8 -> 8 | C16: 46038 | D16: 김희진 | E16: 철원 | F16: 010-8654-4730 | G16: 장애 당사자 | O16: 대여 | R16: 한소네 대여 관련 문의 | S16: 대여 대기관리 대장 확인 결과, 대여는 가능하지만 현재 당장은 대여가 불가능하고, 추후 대여 사업 시작 시 다시 연락드리기로 함. | T16: 심채연
B17: =ROW()-8 -> 9 | C17: 46042 | E17: 원주 | F17: 033-737-5985 | G17: 시군구(및 읍면동) 담당자 | M17: 신청 | R17: 장애인 보조기기 교부사업 신청 방법, 교부 가능 품목 확인 | S17: 교부사업 신청 과정 및 방법 안내, 보조기기 품목(휠체어 액세서리)에 대해 안내 드림. | T17: 양하나
B18: =ROW()-8 -> 10 | C18: 46043 | D18: 방시우 | E18: 영월 | F18: 010-8711-9062 | G18: 보호자 및 지인 | O18: 대여 | R18: 아동용 보행보조기 추천 | S18: 아동용 보행보조기 추천을 해드렸음. | T18: 이창하
B19: =ROW()-8 -> 11 | C19: 46044 | D19: 김광희 | E19: 홍천 | F19: 010-8918-5923 | G19: 장애 당사자 | I19: 남 | J19: 시각 | K19: 심한 | L19: 수급자 | M19: 신청 | R19: 텍스트 음성 변환장치(TTS) 보조기기 안내 및 지원 가능 여부 | S19: 장애인 보조기기 교부사업에서 신청 가능한 TTS소프트웨어 안내드림. | T19: 양하나
B20: =ROW()-8 -> 12 | C20: 46049 | D20: 권송자 | F20: 010-7240-8085 | G20: 장애 당사자 | R20: 의족 수리 관련 문의 | S20: 재활병원 내 의족 수리기사님과 통화후 연계함. | T20: 심채연
B21: =ROW()-8 -> 13 | C21: 46049 | E21: 철원군 보건소 cbs팀 | F21: 033-450-4023 | G21: 시군구(및 읍면동) 담당자 | R21: 보행차(zeen) 보조기기 대여 및 지원 가능 여부 | S21: 현재 센터 내에서는 zeen과 관련한 보조기기는 보유하지 않아 대여가 불가능하다는 것을 안내드림. | T21: 심채연
B22: =ROW()-8 -> 14 | C22: 46051 | D22: 홍수복 | E22: 원주 | F22: 010-5072-5667 | G22: 보호자 및 지인 | H22: 김승아 | I22: 여 | J22: 뇌병변 | K22: 심한 | R22: 숟가락 보조기기 제작 의뢰 | S22: 2월 중 방문예정 | T22: 송근필
B23: =ROW()-8 -> 15 | C23: 46055 | D23: 이상기 | F23: 010-9066-0275 | G23: 장애 당사자 | O23: 개조 및 제작 | R23: 랩보드 제작 요청 문의 | S23: 랩보드 제작 요청하여 담당자에게 전달드린다고 함. | T23: 심채연
B24: =ROW()-8 -> 16 | C24: 46057 | D24: 김승겸 | E24: 속초시장애인체육회 | F24: 010-2747-6091 | G24: 유관기관 종사자 | O24: 개조 및 제작 | R24: 보치아선수 보조기기 제작 의뢰 | S24: 2월 중 속초 방문 일정 잡기로함 | T24: 송근필
B25: =ROW()-8 -> 17 | C25: 46057 | E25: 원주 | F25: 010-4012-8805 | G25: 보호자 및 지인 | H25: 권수미 | I25: 여 | O25: 대여 | R25: 사용하고 있던 수동휠체어가 망가져 급하게 대여요청 문의 | S25: 대여 담당자에게 정보전달 | T25: 송근필
B26: =ROW()-8 -> 18 | C26: 46057 | E26: 원주 | F26: 010-6722-5055 | G26: 보호자 및 지인 | H26: 박진수 | I26: 남 | J26: 뇌병변 | K26: 심한 | M26: 급여 정보 | R26: 자세보조용구 (서기형) 급여결정 통지서 받은 후 지원 받는 절차 안내 문의 | S26: 건강보험공단에 등록되어 있는 제조업체(에이블라이프) 연락처 안내 | T26: 송근필
B27: =ROW()-8 -> 19 | C27: 46062 | F27: 010-6739-9753 | G27: 보호자 및 지인 | H27: 이재학 | I27: 남 | M27: 급여 정보 | R27: 목욕용 휠체어 급여정보 및 신청 기관 문의 | S27: 건강보험납입, 장기요양 대상자에 해당되어 복지용구 급여 신청을 위해 건강보험공단으로 문의할 수 있도록 안내드림. | T27: 양하나
B28: =ROW()-8 -> 20 | C28: 46062 | E28: 춘천 | F28: 010-6381-1565 | G28: 보호자 및 지인 | O28: 수리 | R28: 캐롯카시트 끈조질 및 길이 연장 가능한지에 대한 문의를 주셨음. | S28: 재활병원 어린이병동에 계시다가 하셔서 카시트를 직접 가지고 방문하시면 수리 여부 가능한지 안내해드리기로 하였음. | T28: 이창하
B29: =ROW()-8 -> 21 | C29: 46063 | D29: 조지영 | E29: 강릉 | F29: 010-9057-2102 | G29: 장애 당사자 | O29: 대여 | R29: 전동휠체어 대여 문의 | S29: 전동휠체어 대여 가능여부에 대해 불가능하다는 답변을 드렸고, 구매 정보에 대한 안내 드렸음. | T29: 심채연
B30: =ROW()-8 -> 22 | C30: 46063 | D30: 권수미 | E30: 원주 | F30: 010-4012-8805 | G30: 보호자 및 지인 | O30: 대여 | R30: 오터 목욕의자 대여 문의 | S30: 대상자 키의 맞는 목욕의자 찾게 되면 다시 재 연락드린다고 안내 드렸음. | T30: 심채연
B31: =ROW()-8 -> 23 | C31: 46065 | F31: 010-3935-8224 | G31: 보호자 및 지인 | O31: 대여 | R31: 대여 사업을 언제부터 진행하는 지 문의를 주셨음. | S31: 3월달부터 진행한다고 안내해드렸음. | T31: 이창하
B32: =ROW()-8 -> 24 | C32: 46077 | E32: 동해 | F32: 010-9074-5441 | G32: 보호자 및 지인 | R32: 맞춤제작 휠체어,높낮이 조절 책상 지원 또는 구매방법에 대하여 알고 싶다고 문의를 주셨음. | S32: 푸르메재단 민간지원사업 안내해드렸음. | T32: 이창하
B33: =ROW()-8 -> 25 | C33: 46078 | D33: 이현준 | E33: 춘천 | F33: 010-9496-7411 | G33: 장애 당사자 | Q33: 보조기기 서비스 | R33: 장애진단이 없음에도 지원받을 수 있는 보조기기 서비스에 대하여 문의주셨음. | S33: 장애진단과 장기요양으로 등록되어 있지 않기 때문에 보조기기센터 이용하는데 어려움이 있으며, 장애등록서비스 안내해드림. | T33: 심채연
B34: =ROW()-8 -> 26 | C34: 46078 | D34: 화천군 보건의료센터 | E34: 화천군 | F34: 033-440-2818 | G34: 유관기관 종사자 | O34: 구입 | R34: 일반수동휠체어 구입 관련 문의주셨음. | S34: 장애인보조기기 급여사업에 대한 정보를 안내드렸음. | T34: 심채연
B35: =ROW()-8 -> 27 | C35: 46080 | E35: 춘천시 | F35: 010-9000-7050 | G35: 보호자 및 지인 | O35: 대여 | R35: 휠체어 대여 관련 문의주셨음 | S35: 장기요양 등록 확인 후 대여 안내드리고 하였음. | T35: 심채연
B36: =ROW()-8 -> 28 | C36: 46080 | D36: 방시우 | E36: 영월군 | F36: 010-8711-9062 | G36: 보호자 및 지인 | I36: 남 | J36: 뇌병변 | K36: 중증 | L36: 일반 | O36: 대여 | R36: 포니워커 대여 관련 문의주셨음. | S36: 확인 후 다시 연락드리고 안내드렸음. | T36: 심채연
B37: =ROW()-8 -> 29 | C37: 46084 | D37: 강장복 화천CBS | E37: 화천군 | F37: 033-441-2491 | G37: 유관기관 종사자 | Q37: 견학 | R37: 보조기기센터 견학관련 문의 | S37: 보조기기 견학 서비스 정보안내 및 일정조율 4월 9일 견학요청 예정 | T37: 송근필
B38: =ROW()-8 -> 30 | C38: 46090 | D38: 장영자 | E38: 철원군 | F38: 010-2773-0466 | G38: 장애 당사자 | I38: 여 | J38: 지체 | K38: 중증 | L38: 일반 | O38: 대여 | R38: 보조기기 신청 관련 문의 | S38: 노인장기요양보험복지용구급여사업 신청 전 롤레이터 사용을 원하신다구 하셔서 대여 서비스 안내드림. 강원 철원군 갈말읍 명성로179번길 10 나동 106호 | T38: 심채연
B39: =ROW()-8 -> 31 | C39: 46091 | D39: 이한순 | E39: 영월군 | F39: 010-9441-0205 | G39: 장애 당사자 | I39: 남 | J39: 지체 | K39: 중증 | L39: 수급자 | R39: 자동차 개조,장애등록이 되어 있는데 운전면허증 갱신일이 다 되어가는데 운전면허가 바로 취소가 되는지,지체장애를 가지고 있는 지원받을 수 있는 지원사업이 있는지. | S39: 국립재활원에 문의를 드렸고 운전면허증은 자동으로 취소가 될것으로 안내해드렸음. 기초생활수급자이셔서 교부사업 신청에 대해서 안내해드렸음. | T39: 이창하
B40: =ROW()-8 -> 32 | C40: 46092 | D40: 임승택 | E40: 원주시 | F40: 010-3470-6566 | G40: 장애 당사자 | I40: 남 | J40: 지체 | K40: 경증 | R40: 타이핑을 하는데 필요한 보조기구에 대한 정보제공이 필요함 | S40: 출장 일정 잡은 후 환경 평가하면서 함께 필요한 보조기구 설명드리기로 하였음. 원주시 혁신로 224번길 604동 903호 | T40: 심채연
B41: =ROW()-8 -> 33 | C41: 46094 | E41: 정선군 | F41: 010-2317-5397 | G41: 보호자 및 지인 | I41: 여 | J41: 복합(지체, 청각) | K41: 중증 | L41: 수급자 | M41: 급여 정보 | R41: 청각 및 지체에 관련된 공적 지원사업에 대한 정보제공이 필요함. | S41: 교부사업 및 행정복지센터에서 전동휠체어 신청받는 방법에 대해 안내해드림. | T41: 심채연
B42: =ROW()-8 -> 34 | C42: 46099 | E42: 춘천시 | F42: 010-8684-1476 | G42: 보호자 및 지인 | I42: 남 | J42: 지체 | K42: 중증 | Q42: 교육 | R42: 휠마스터 교육 관련 문의 | S42: 보조기기센터 자체에서 휠마스터 교육을 하는지 문의주셔서 진행하지 않는다고 답변 드림. 또한 장애인 일자리 관련 문의도 함께 주셔서 춘천시청장애인복지과로 연결해드림. | T42: 심채연
B43: =ROW()-8 -> 35 | C43: 46104 | D43: 임찬후 | E43: 원주시 | F43: 010-7285-6046 | G43: 보호자 및 지인 | I43: 남 | J43: 뇌병변 | R43: 장애아동용 유모차 대여 | S43: 가벼운 유모차 희망하여 우선 확인 후 다시 연락드린다고 말씀드림. | T43: 심채연
B44: =ROW()-8 -> 36 | C44: 46101 | D44: 안지유 | E44: 춘천시 | G44: 보호자 및 지인 | I44: 여 | J44: 뇌병변 | L44: 일반 | N44: 신청 | R44: 현대모비스 지원사업 신청방법 문의 | S44: 지원사업에 대한 안내와 신청 서류 관련 이메일 송부 드림 | T44: 양하나
B45: =ROW()-8 -> 37 | C45: 46101 | D45: 김하민 | E45: 원주시 | G45: 보호자 및 지인 | I45: 남 | J45: 뇌병변 | L45: 차상위 | N45: 품목 | R45: 현대모비스 지원사업 신청 보조기기 품목 문의 | S45: 이동보조기기 품목 확인 가능한 사이트 안내드림 | T45: 양하나
B46: =ROW()-8 -> 38 | C46: 46105 | D46: 이다온 | E46: 춘천시 | G46: 보호자 및 지인 | I46: 남 | J46: 뇌병변 | L46: 일반 | N46: 신청 | R46: 현대모비스 지원사업 신청방법 문의 | S46: 지원사업에 대한 안내와 신청 서류 관련 이메일 송부 드림 | T46: 양하나
B47: =ROW()-8 -> 39 | C47: 46105 | D47: 전다온 | E47: 강릉시 | F47: 010-5259-5731 | G47: 보호자 및 지인 | I47: 여 | J47: 뇌병변, 언어 | L47: 일반 | N47: 품목 | R47: 현대모비스 지원사업 신청 보조기기 품목 문의 | S47: 기립기 품목 확인 가능한 사이트 안내드림 | T47: 양하나
B48: =ROW()-8 -> 40 | C48: 46105 | D48: 한지율 | E48: 춘천시 | G48: 보호자 및 지인 | I48: 여 | J48: 뇌병변 | L48: 일반 | N48: 신청 | R48: 현대모비스 지원사업 신청방법 문의 | S48: 지원사업에 대한 안내와 신청 서류 관련 이메일 송부 드림 | T48: 양하나
B49: =ROW()-8 -> 41 | C49: 46105 | D49: 임가현 | E49: 강릉솔향유치원 | G49: 교육기관 종사자 | I49: 여 | N49: 신청 | R49: 현대모비스 지원사업 신청방법 문의 | S49: 지원사업에 대한 안내와 신청 서류 관련 이메일 송부 드림 | T49: 양하나
B50: =ROW()-8 -> 42 | C50: 46105 | E50: 횡성군보건소 | F50: 033-340-5617 | G50: 유관기관 종사자 | I50: 남 | L50: 수급자 | M50: 급여 정보 | R50: 대상자의 안전손잡이 설치를 위한 지원사업 문의 | S50: 대상자 기본정보 파악 후 장기요양보험 복지용구 지원사업 안내드림 | T50: 양하나
B51: =ROW()-8 -> 43 | C51: 46108 | E51: 인제군 특수교육 지원센터 | G51: 유관기관 종사자 | O51: 구입 | S51: 현재 센터내 보유 품목이 아니기 때문에 대여는 불가능하나, 구입 가능한 업체 안내 드림. | T51: 심채연
B52: =ROW()-8 -> 44 | C52: 46108 | D52: 조예샘 | E52: 원주 | F52: 010-8925-1730 | G52: 보호자 및 지인 | N52: 신청 | R52: 민간지원신청 관련 문의 | S52: 민간지원 신청에 필요한 서류 문의주셔서 안내 드림. | T52: 심채연
B53: =ROW()-8 -> 45 | C53: 46108 | D53: 이신재 | E53: 원주시 돌봄센터 | F53: 010-4256-4623 | G53: 유관기관 종사자 | O53: 개조 및 제작 | R53: 식사용 보조기기 제작 관련 문의 | S53: 맞춤제작의 경우, 현재 수요가 높아 제작 기간이 조금 지연될 수 있다는점과 더불어 상담 일정은 추후 잡히는 대로 연락드리기로 하였음. | T53: 심채연
B54: =ROW()-8 -> 46 | C54: 46111 | D54: 류연수 | E54: 철원군 보건소 | F54: 033-450-5556 | G54: 유관기관 종사자 | O54: 개조 및 제작 | R54: 핸드쿠션 제작 의뢰 | S54: 핸드쿠션 제작 의뢰에 필요한 서류 안내 드림. | T54: 심채연
B55: =ROW()-8 -> 47 | C55: 46111 | D55: 서성자 | E55: 춘천시종합사회복지관 | F55: 010-2369-9419 | G55: 유관기관 종사자 | O55: 대여 | R55: 좌석형 롤레이터 대여 문의 | S55: 좌석형 롤레이터 대여 대기명단에 등록 후 추후 대여 시 진행하기로 함. | T55: 심채연
B56: =ROW()-8 -> 48 | C56: 46111 | E56: 르베랑 유치원 | G56: 교육기관 종사자 | N56: 신청 | R56: 현대모비스 지원사업 신청 문의 | S56: 신청안내에 필요한 서류를 안내드리고 유치원 담임교사께서 보호자께 전달하기로 함. | T56: 양하나
B57: =ROW()-8 -> 49 | C57: 46112 | D57: 송연준 | E57: 원주 | F57: 010-5129-3286 | G57: 보호자 및 지인 | O57: 대여 | R57: 독서용확대기 대여 문의 | S57: 대여 절차에 대한 안내, 독서확대기 보유 품목 확인 후 문자안내 드리기로 함. | T57: 양하나
B58: =ROW()-8 -> 50 | C58: 46112 | D58: 박동재 | E58: 춘천 | F58: 010-3004-5739 | G58: 보호자 및 지인 | O58: 개조 및 제작 | R58: 경사로 및 안전손잡이 설치 가능 여부 | S58: 방문을 통하여 현장을 직접봐야한다고 안내해드렸음. 사진 발송해주시기로 하심. | T58: 이창하
B59: =ROW()-8 -> 51 | C59: 46121 | E59: 홍천군청 | F59: 033-430-4018 | G59: 시군구(및 읍면동) 담당자 | O59: 종류 | R59: 저시력 시각장애인용 키보드 종류 문의 | S59: 자판의 크기가 큰 키보드 문의 하셔서 키가드 확대 키보드안내드림. 보조기기 체험, 대여 가능 여부 말씀드렸으며 홍천군청에서 대상자 의뢰 공문 보낼 예정 | T59: 양하나
B60: =ROW()-8 -> 52 | C60: 46122 | D60: 박설화 | E60: 춘천시보건소 | F60: 033-250-4578 | O60: 대여 | R60: 기립훈련, 안전을 위한 보조기기 대여 문의 | S60: 대여 가능 보조기기 안내완료. 대상자 의뢰 공문 보낼 예정 | T60: 이창하
B61: =ROW()-8 -> 53 | C61: 46122 | E61: 물빛나래어린이집 | F61: 010-4614-9114 | G61: 교육기관 종사자 | O61: 기타 | R61: 장애인의 날 홍보부스, 교육 진행 가능 여부 문의 | S61: 4월 타 홍보부스 진행으로 인해 참석 어려움을 안내드림. 추후 홍보부스 진행 요청 시 일정조율을 위해 미리 연락을 요청드렸음. | T61: 양하나
B62: =ROW()-8 -> 54 | C62: 46125 | E62: 홍천 | F62: 010-2379-3966 | G62: 장애 당사자 | O62: 구입 | R62: 화물차에 탈부착 가능한 왼발 엑셀 보조기기 구매처 문의 | S62: 네오엘에프엔 하라이드 업체 사이트 주소, 보조공학기기 지원사업 안내드림. | T62: 양하나
B63: =ROW()-8 -> 55 | C63: 46125 | E63: 양구 | F63: 033-482-9765 | G63: 유관기관 종사자 | O63: 가격 | R63: 기립보조기기 가격 및 구매 문의 | S63: 제품마다 금액 상이하며 대략적인 금액 안내드렸으며, 보조기기센터에서 체험도 가능함을 안내드림. | T63: 양하나
B64: =ROW()-8 -> 56 | C64: 46127 | D64: 조서현 | E64: 춘천 | F64: 010-2008-6814 | G64: 장애 당사자 | M64: 신청 | R64: 발 보조기기 신청 문의 | S64: 21년도 춘천시 지역사회 통합돌봄 사업을 통해 지원받은 이력 확인하였음. 대상자의 경제상황에 따라 행정복지센터에서 신청 가능함을 안내드렸음. | T64: 양하나
B65: =ROW()-8 -> 57 | C65: 46129 | D65: 박성수 | E65: 춘천 | F65: 010-3479-9870 | G65: 장애 당사자 | H65: 박성수 | I65: 남 | J65: 시각 | K65: 심한 | L65: 일반 | O65: 대여 | R65: 휠체어 대여 문의 5월 18일 ~ 20일 / 2대 | S65: 대여 가능하다는 안내 드렸으며, 대여자가 직접 내방하여 대여 및 반납 할 예정 | T65: 송근필
B66: =ROW()-8 -> 58 | C66: 46132 | E66: 춘천 | F66: 033-250-4577 | G66: 유관기관 종사자 | R66: 목욕의자 대여가능여부,스마트홈 사업으로 받았던 스마트 초인종 점검 요청 | S66: 대상자 보호자분과 논의 후 서비스 의뢰서 송부해드리기로 함. | T66: 이창하
B67: =ROW()-8 -> 59 | C67: 46133 | D67: 원연서 | F67: 010-7359-0852
B68: =ROW()-8 -> 60 | C68: 46135 | D68: 곽연희 | E68: 정선 | F68: 010-8784-9256 | G68: 보호자 및 지인 | H68: 김영자 | I68: 여 | J68: 지체 | K68: 심하지 않은 | R68: 활동형휠체어 지원 문의 | S68: 현재 휠체어 사용자의 신체 상황으로는 활동형 휠체어를 사용할 수 없어 현재 사용하고 있는 휠체어 사용 권장드림. | T68: 송근필
B69: =ROW()-8 -> 61 | C69: 46135 | E69: 춘천 | F69: 010-5394-5125 | G69: 보호자 및 지인 | H69: 김형 | I69: 남 | M69: 신청 | R69: 보조기기 교부사업 신청 문의 | S69: 자동소변수집장치 내구연한 및 신청 방법 안내드림. | T69: 양하나
B70: =ROW()-8 -> 62 | C70: 46135 | E70: 춘천 | F70: 010-9910-3137 | G70: 보호자 및 지인 | O70: 대여 | R70: 보행보조기기(보행차) 대여 문의 | S70: 대여 기간, 대여 조건 안내드림. 대여 가능 보조기기 확인 후 연락드리기로 함. | T70: 양하나
B71: =ROW()-8 -> 63 | C71: 46139 | E71: 삼척 | F71: 010-4409-4610 | G71: 장애 당사자 | H71: 윤낙운 | I71: 남 | O71: 대여 | R71: 휠체어 대여를 장기적으로 가능한지 | S71: 대여기간은 6개월 가능하며 현재 수동휠체어 대기자 분들이 많고 수요가 많아 장기적으로 대여는 불가능하다고 안내해드렸음. | T71: 이창하
B72: =ROW()-8 -> 64 | C72: 46140 | D72: 김선범 | E72: 횡성군보건소 | F72: 033-340-5617 | G72: 유관기관 종사자 | Q72: 0 | R72: 장애인e스포츠 관련 보조기기 지원사업 문의 | S72: 서울, 경기 지역은 지원사업이 있으나, 강원 지역은 장애인e스포츠 관련 지원사업이 없다고 안내함 | T72: 김영기
B73: =ROW()-8 -> 65 | C73: 46140 | D73: 김수철 | E73: 도청 진흥정보정책과 | F73: 033-249-3013 | G73: 유관기관 종사자 | M73: 기타 | R73: 6월 24일 ~ 7월 15일 정보통신보조기기 심층상담 협조 가능 문의 | S73: 추후 연락 주시면 내부 검토 후 진행 여부 답변하겠다고 안내함 | T73: 김영기
B74: =ROW()-8 -> 66 | C74: 46140 | D74: 길가영 | E74: 홍천군보건소 | F74: 033-430-4077 | G74: 유관기관 종사자 | P74: 사례관리 서비스 요청 | R74: 서비스 의뢰서 이메일 수신 확인 차 연락 | S74: 이메일 수신 확인되었다고 안내함 | T74: 김영기
B75: =ROW()-8 -> 67 | C75: 46141 | E75: 원주 | F75: 010-9018-5186 | G75: 보호자 및 지인 | M75: 품목 | R75: 기초생활수급자, 당뇨로 인한 신장 투석, 장애2급, 거동이 불편하여 목욕의자 지원 희망 | S75: 주민센터에서 신청가능한 장애인보조기기 교부사업 안내 | T75: 김영기
B76: =ROW()-8 -> 68 | C76: 46141 | D76: 이명호 | E76: 춘천 | F76: 010-4894-6376 | G76: 장애 당사자 | H76: 이명호 | I76: 남 | J76: 시각 | K76: 중증 | L76: 수급자 | O76: 수리 | R76: 책마루3 OCR 기능 고장으로 셀바스헬스케어에 수리 맡겼으나 정상작동 되지 않아 사용 중지 상태 업체에서 매뉴얼은 받았으나 내용을 확인할 수 없어 불편 호소 지난 번 다녀갔던 여자, 남자 선생님이 다시 방문해주길 원함
B77: =ROW()-8 -> 69 | C77: 46141 | E77: 춘천 | F77: 010-7368-1174 | G77: 보호자 및 지인 | M77: 품목 | R77: 춘천시 남면 거주 수급자, 중증 뇌병변 장애인 휠체어 착석시 몸이 오른쪽으로 기울어져 등 지지대 지원 희망 | S77: 장애인보조기기 교부사업 품목 중 휠체어 액세서리 품목 신청가능하다고 안내함 | T77: 김영기
B78: =ROW()-8 -> 70 | C78: 46142 | E78: 양구 | F78: 010-3386-2921 | G78: 보호자 및 지인 | H78: 조율기 | I78: 남 | J78: 뇌병변 | K78: 중증 | N78: 품목 | R78: 2026 롯데재단 보조기기 지원사업 신청 가능 품목 문의 | S78: 보조기기센터 홈페이지 게시물 안내드림. | T78: 양하나
B79: =ROW()-8 -> 71 | C79: 46148 | D79: 천정식 | E79: 홍천 | F79: 010-5008-2310 | G79: 보호자 및 지인 | H79: 김혜경 | I79: 여 | J79: 뇌병변 | K79: 중증 | L79: 건보 | R79: 안구마우스 구입 문의 | T79: 송근필
B80: =ROW()-8 -> 72 | C80: 46149 | D80: 김학신 | E80: 춘천 | F80: 010-3389-3063 | G80: 장애 당사자 | R80: 정보통신보조기기보급사업 신청방법 문의 | S80: 접처수 안내 | T80: 송근필
B81: =ROW()-8 -> 73
B82: =ROW()-8 -> 74
B83: =ROW()-8 -> 75
B84: =ROW()-8 -> 76
B85: =ROW()-8 -> 77
B86: =ROW()-8 -> 78
B87: =ROW()-8 -> 79
B88: =ROW()-8 -> 80
B89: =ROW()-8 -> 81
B90: =ROW()-8 -> 82
B91: =ROW()-8 -> 83
B92: =ROW()-8 -> 84
... B193: =ROW()-8 -> 185

Sheet 2025
B1: <안내 사항> 1. 향후 각 보조기기센터 콜센터 상담일지 내용 취합 시 개인정보보호법 해당되는 의뢰인 성명, 의뢰인 연락처에 해당되는 항목은 제외하여 회신 * 의뢰인 성명, 의뢰인 연락처 : 개인을 알아볼 수 있는 정보(해당 정보만으로는 특정 개인을 알아볼 수 없더라도 다른 정보와 쉽게 결합하여 알아볼 수 있는 것을 포함함) 2. 엑셀시트 항목 중 진한글씨항목(연번, 상담일, 의뢰외 유형, 상담내용(질문유형, 질문내용, 답볍))은 필수항목이므로 반드시 입력, 이외 나머지는 선택사항임 3. 상담내용 작성 시, 반드시 질문유형(공적급여, 민간급여, 보조기기, 사례연계, 기타)에 한가지는 입력 후 질문내용 및 답변 입력 필요
C2: 보호자 및 지인
B4: 일반정보 | M4: 상담내용 | T4: 상담자
B5: 연번 | C5: 상담일 | D5: 의뢰인 성명 | E5: 의뢰인 지역 또는 소속 | F5: 의뢰인 연락처 | G5: 의뢰인 유형 | H5: 대상자 성명 | I5: 대상자 성별 | J5: 대상자 장애유형 | K5: 대상자 장애정도 | L5: 대상자 경제상황 | M5: 질문 유형 | R5: 질문내용 | S5: 답변 (상담에 따른 조치사항 등)
M6: 공적급여 | N6: 민간급여 | O6: 보조기기 | P6: 사례연계 | Q6: 기타
M7: =COUNTA(M9:M283) -> 45 | N7: =COUNTA(N9:N283) -> 8 | O7: =COUNTA(O9:O283) -> 109 | P7: =COUNTA(P9:P283) -> 1 | Q7: =COUNTA(Q9:Q283) -> 5
B8: =COUNTA(B9:B283) -> 185 | C8: =COUNTA(C9:C283) -> 172 | G8: =COUNTA(G9:G283) -> 172 | M8: =SUM(M7:Q7) -> 168
B9: =ROW()-8 -> 1 | C9: 45663 | D9: 한장금 | E9: 인제 | F9: 010-5378-5000 | G9: 장애 당사자 | H9: 한장금 | I9: 남 | J9: 시각 | K9: 심한 | L9: 일반 | O9: 구입 | R9: 리보3S 지원 문의 | S9: 정보통신보조기기보급사업 관련 내용 안내 | T9: 송근필
B10: =ROW()-8 -> 2 | C10: 45663 | D10: 김정진 | E10: 홍천 | F10: 010-7525-2404 | G10: 보호자 및 지인 | H10: 김종은 | I10: 남 | J10: 지체 | K10: 심한 | L10: 일반 | O10: 개조 및 제작 | R10: ITDA 제작 플랫폼으로 리코더 받침대 제작 의뢰 | S10: 추후 일정조율 건으로 다시 연락드리기로 함 | T10: 송근필
B11: =ROW()-8 -> 3 | C11: 45664 | D11: 원서빈 | E11: 원주 | F11: 010-3677-7556 | G11: 보호자 및 지인 | H11: 경민성 | N11: 품목 | O11: 대여 | R11: 보완대체의사소통 보조기기(한뼘 AAC) 대여 문의 | S11: 대기명단에 추가하여 차례가 되었을 때 연락드린다고 함. | T11: 장홍민
B12: =ROW()-8 -> 4 | C12: 45665 | D12: 김인숙 | E12: 춘천 | F12: 010-7475-7161 | G12: 장애 당사자 | H12: 김인숙 | I12: 여 | J12: 지체 | K12: 심한 | L12: 수급자 | O12: 기타 | R12: 에이블라이프에 대해서 설명 부탁드립니다. | S12: 1. 에이블라이프 정보 제공 2. 노트북은 보조기기가 아니라 보조기기센터에서 지원하지 않는다고 알려드림 | T12: 김영기
B13: =ROW()-8 -> 5 | C13: 45665 | E13: 화천 | F13: 033-441-2491 | G13: 유관기관 종사자 | K13: 심하지않은 | L13: 수급자 | M13: 품목 | R13: 워커 지원사업 문의 | S13: 1. 의사 처방 후 건강보험공단 2. 주민센터 방문 장애인보조기기 교부사업(25만원 지원) 3. 주변 의료기기업체 자부담 구매 | T13: 김영기
B14: =ROW()-8 -> 6 | C14: 45667 | D14: (부) | F14: 010-4921-0992 | G14: 보호자 및 지인 | H14: 96년생 | J14: 지체 | K14: 심한 | L14: 일반 | O14: 기타 | R14: 슈마DA-7800 대여 가능 문의 | S14: 보유하고있지 않아 대체 보조기기(SS-1000) 안내 및 교부사업, 민간지원사업, 대여 사업 안내 | T14: 장홍민
B15: =ROW()-8 -> 7 | C15: 45667 | D15: 이찬섭 | E15: 춘천 | F15: 010-4941-7292 | G15: 장애 당사자 | O15: 대여 | R15: 기립기 대여 가능 날짜 문의 | S15: 2월~3월 사이 가능할 것 같다고 안내함. 대여가 가능할 때 다시 연락드린다고 함. | T15: 장홍민
B16: =ROW()-8 -> 8 | C16: 45667 | D16: 탁충열 | E16: 고성 | F16: 010-5688-2990 | G16: 장애 당사자 | H16: 탁충열 | I16: 남 | J16: 지체 | K16: 심한 | L16: 수급자 | R16: 전동침대 지원 문의 | S16: 주민센터 방문하여 장애인보조기기 교부사업 신청 가능하다고 안내해드림 | T16: 김영기
B17: =ROW()-8 -> 9 | C17: 45670 | F17: 010-9446-6777 | G17: 보호자 및 지인 | O17: 기타 | R17: 보행차 지원받을 수 있는 방법에 대해 문의 | S17: 지원사업과 대여 서비스에 대해서 안내, 장애등록과 노인장기요양등급 받는 방법에 대해서도 안내 | T17: 장홍민
B18: =ROW()-8 -> 10 | C18: 45670 | E18: 강릉 | F18: 033-660-3740 | G18: 유관기관 종사자 | M18: 품목 | R18: 욕창예방매트리스, 방석 신청 가능 장애유형에 대해 문의 | S18: 심장장애만 신청 가능하다고 답변 | T18: 장홍민
B19: =ROW()-8 -> 11 | C19: 45670 | E19: 횡성 | F19: 033-340-2167 | G19: 유관기관 종사자 | O19: 수리 | R19: 보조기기교부사업으로 받은 대화용장치 수리에 대해 문의 | S19: 센터에서는 간단한 경정비외에는 수리를 진행하지 않아 업체에 연락하여 수리 진행하면 된다고 답변함. | T19: 장홍민
B20: =ROW()-8 -> 12 | C20: 45671 | F20: 010-3465-7449 | G20: 장애 당사자 | O20: 대여 | R20: 전동휠체어 대여 가능 문의 | S20: 전동휠체어는 안전상의 이유로 대여가 불가능하다고 답변. | T20: 장홍민
B21: =ROW()-8 -> 13 | C21: 45671 | D21: 탁충열 | E21: 고성 | F21: 010-5688-2990 | G21: 장애 당사자 | H21: 탁충열 | I21: 남 | J21: 지체 | K21: 심한 | L21: 수급자 | M21: 품목 | R21: 작년에 전동휠체어를 지원 받았는데 올해 전동침대 받을 수 있는지 문의 | S21: 전동침대와 전동휠체어는 다른 사업이라 교부사업으로 전동침대 신청 가능하다고 안내함 | T21: 김영기
B22: =ROW()-8 -> 14 | C22: 45672 | D22: 안두훈 | E22: 원주 | F22: 010-7183-7948 | G22: 장애 당사자 | H22: 안두훈 | I22: 남 | J22: 뇌병변 | K22: 심한 | L22: 수급자 | Q22: 재제작 | R22: 작년에 받은 컵홀더 파손되어 재제작 가능한지 문의 | S22: 재제작 가능하며, 2월초 출장 일정 잡아서 방문하기로 함 | T22: 김영기
B23: =ROW()-8 -> 15 | C23: 45672 | D23: 삼척시청 | E23: 삼척 | F23: 033-570-3329 | G23: 시군구(및 읍면동) 담당자 | M23: 신청 | R23: 적합성 평가 의뢰한 대상자분 언제 진행이 가능한지, 결과보고서는 언제 받을 수 있는 문의 | S23: 2월 지나서 출장 가능하여 2월 2번째주는 지나야 출장이 가능할 것 같다고 답변하고, 출장 후에 2~3일 이내에 결과보고서 보낼 예정이라고 답변 | T23: 장홍민
B24: =ROW()-8 -> 16 | C24: 45674 | E24: 원주 | F24: 010-2800-1025 | G24: 보호자 및 지인 | H24: 한효리 | I24: 여 | J24: 지체 | K24: 심한 | L24: 일반 | N24: 신청 | R24: 2025 희귀난치어린이 의료비 사업 제출 서류 중 의사소견서 3개월이 지난 의사소견서로 제출이 가능한지 문의 | S24: 제출이 가능하지만 불이익이 있을수 있음을 공지함. | T24: 송근필
B25: =ROW()-8 -> 17 | C25: 45674 | E25: 춘천 | F25: 010-9261-2716 | G25: 장애 당사자 | H25: 배재현 | I25: 남 | J25: 지체 | K25: 심한 | L25: 일반 | O25: 개조 및 제작 | R25: 맞춤제작 지원 일정 조율 | S25: 일정 조율 완료 | T25: 송근필
B26: =ROW()-8 -> 18 | C26: 45679 | E26: 강릉 | F26: 033-640-1261 | G26: 교육기관 종사자 | N26: 신청 | R26: 희귀난치어린이지원사업 신청서 작성법 문의 | S26: 신청서 작성 요령 안내 | T26: 송근필
B27: =ROW()-8 -> 19 | C27: 45699 | D27: 이명호 | E27: 춘천 | F27: 010-4234-6376 | G27: 장애 당사자 | H27: 이명호 | I27: 남 | J27: 시각 | K27: 심한 | O27: 점검 | R27: 센스리더 사용중이며 현재 고장이 나서 고칠수 있는지 문의 (작년 상범선생님 담당했던 대상자) | T27: 송근필
B28: =ROW()-8 -> 20 | C28: 45700 | D28: 이다온 | E28: 춘천 | F28: 010-8454-2046 | G28: 보호자 및 지인 | H28: 이다온 | I28: 남 | J28: 뇌병변 | K28: 심한 | L28: 일반 | O28: 종류 | R28: 전동휠체어 지원사업 문의 | S28: 건강보험 보조기기 지원사업, 민간지원사업, 토도웍스 상상인 지원사업 안내 | T28: 김영기
B29: =ROW()-8 -> 21 | C29: 45700 | D29: 이정자 | E29: 원주 | F29: 033-737-5866 | G29: 유관기관 종사자 | M29: 급여 정보 | R29: 교부사업 신청 대상자분께서 리보3S 보조기기를 신청할려고 하는데 교부사업 품목에 해당이 되는지 문의 | S29: 눅음 및 재생장치에 품목에 관련 설명 및 교부사업 가이드북 배포 예정 | T29: 송근필
B30: =ROW()-8 -> 22 | C30: 45701 | F30: 010-5155-7276 | G30: 보호자 및 지인 | O30: 기타 | R30: 처방전을 받아 이너시트를 신청하려는데 어떻게 신청하는건지 문의 | S30: 국민건강보험 장애인 보조기기 급여제도에 대해 안내 | T30: 장홍민
B31: =ROW()-8 -> 23 | C31: 45702 | E31: 삼척시보건소 | F31: 033-570-4662 | G31: 유관기관 종사자 | M31: 급여 정보 | R31: 교부사업 가이드북 관련문의 | S31: 가이드북 활용법 및 교부사업 정보 안내 | T31: 송근필
B32: =ROW()-8 -> 24 | C32: 45705 | D32: 조현지 | E32: 강릉 | F32: 010-8967-1324 | G32: 장애 당사자 | H32: 조현지 | I32: 여 | J32: 지체 | K32: 심한 | O32: 대여 | R32: 이동식 리프드 대여 반납 , 맞춤 제작 (트랜스퍼보드) 가능한지 문의 | S32: 대여 담당자에게 전달, 대여 반납 받으면서 맞춤제작 상담 진행 | T32: 송근필
B33: =ROW()-8 -> 25 | C33: 45705 | D33: 이정자 | E33: 원주 | F33: 033-737-5866 | G33: 유관기관 종사자
B34: =ROW()-8 -> 26 | C34: 45706 | F34: 010-4717-7558 | G34: 보호자 및 지인 | M34: 품목 | R34: 욕창예방매트리스 신청 방법에 대해 문의 | S34: 국민건강보험 급여제품 사업에 대해 안내 | T34: 장홍민
B35: =ROW()-8 -> 27 | C35: 45706 | D35: 소연정 | E35: 인제 | F35: 010-5496-9998 | G35: 유관기관 종사자 | J35: 시각 | O35: 대여 | R35: 이용자분중에 시각장애를 가지고 계신 이용자분이 계심. 책마루2 보조기기대여요청하셨음. | S35: 대여 담당자에게 전달 | T35: 이창하
B36: =ROW()-8 -> 28 | C36: 45706 | D36: 김용숙 | E36: 원주 | F36: 010-6806-5415 | G36: 보호자 및 지인 | J36: 지체 | M36: 품목 | O36: 구입 | R36: 보호자 자녀분꼐서 전동침대 대여에 대하여 문의를 주셨음. | S36: 대여기간이 너무 짧아 대여는 원치 않으셨고 의료기기 판매점을 통하여 구입가능하다고 안내해드렸음. | T36: 이창하
B37: =ROW()-8 -> 29 | C37: 45706 | D37: 행정복지센터 | E37: 원주 | F37: 033-737-5866 | G37: 유관기관 종사자 | M37: 내구연한 | R37: 24년 정보통신보조기기보급사업으로 데이지플레이어를 지원 받았으며, 25년도에 동일한 품목으로 교부사업에서 지원받을 수 있는지 문의 | S37: 교부사업 지침상 타 교부사업에서 지원받은 품목 내구연한이 경과되지 않았으면 신청 불가능 | T37: 송근필
B38: =ROW()-8 -> 30 | C38: 45706 | D38: 김종웅 | E38: 원주 | F38: 010-9058-3960 | G38: 장애 당사자 | H38: 김종웅 | I38: 남 | J38: 시각 | K38: 중증 | L38: 수급자 | M38: 신청 | R38: 시각장애인이 사용할수 있는 보조기기 지원 문의 | S38: 정보통신보조기기 보급사업, 장애인보조기기 교부사업 안내 문자판독기에 관련 상담 진행 | T38: 송근필
B39: =ROW()-8 -> 31 | C39: 45706 | E39: 춘천 | F39: 033-255-3482 | G39: 유관기관 종사자 | O39: 기타 | R39: 한쪽시각장애인 대상자가 지원받을 수 있는 지원사업이나 보조기기에 대해 문의 | S39: 정보통신보조기기 보급사업 안내, 보조기기의 경우에는 대상자의 욕구에 따라 달라져 상담이 필요하다고 안내함 | T39: 장홍민
B40: =ROW()-8 -> 32 | C40: 45707 | D40: 권송자 | E40: 춘천 | F40: 010-7240-8085 | G40: 장애 당사자 | H40: 권송자 | I40: 여 | J40: 지체 | K40: 중증 | L40: 일반 | O40: 점검 | R40: 21년 통합돌봄 지원 대상자: 전동침대 높낮이 조절 부분이 고장이 나서 A/s 문의 | S40: 확인 후 다시 연락드리기로 함 | T40: 송근필
B41: =ROW()-8 -> 33 | C41: 45707 | F41: 010-8790-8064 | G41: 보호자 및 지인 | M41: 품목 | O41: 구입 | R41: 기초생활수급잦이고 전동스쿠터 구입에 대한 문의를 주셨음. | S41: 건강보험공단 급여제품 안내 책자 참고하여 전동스쿠터 가격과 지원금액 안내해드렸음. | T41: 이창하
B42: =ROW()-8 -> 34 | C42: 45713 | D42: 인제군 사회복지관 | E42: 소연정 | F42: 033-461-0660 | G42: 유관기관 종사자 | O42: 대여 | R42: 보조기기 대여 문의 | S42: 담당자에게 전달 | T42: 송근필
B43: =ROW()-8 -> 35 | C43: 45714 | D43: 김민주 | E43: 춘천 | F43: 010-6594-2968 | G43: 장애 당사자 | H43: 김민주 | I43: 여 | J43: 지체 | K43: 중증 | L43: 일반 | O43: 개조 및 제작 | R43: 리프트 휠체어 발판 제작 문의 | S43: 상담은 완료했으며 제작 일정 관련해서 재연락하기로 함 | T43: 송근필
B44: =ROW()-8 -> 36 | C44: 45715 | D44: 곽경범 | E44: 원주 | F44: 010-4395-1093 | G44: 장애 당사자 | H44: 곽경범 | I44: 남 | L44: 수급자 | M44: 급여 정보 | R44: 이동식전동리프트 지원 문의 | S44: 의료급여 절차 및 신청 방법 안내 | T44: 김영기
B45: =ROW()-8 -> 37 | C45: 45726 | D45: 이용호 | E45: 춘천 | F45: 010-8759-0737 | G45: 보호자 및 지인 | O45: 기타 | R45: 이동식리프트 체험문의 | S45: 대여 중인 상황 설명. 추후 기기 회수 한 후에 연락드리기로 함 | T45: 송근필
B46: =ROW()-8 -> 38 | C46: 45726 | D46: 수리보장구센터 | E46: 동해 | F46: 033-532-6688 | G46: 유관기관 종사자 | R46: 차량개조에 관련하여 방법, 업체 문의 | S46: 토탈모빌리티 업체 안내 | T46: 장홍민
B47: =ROW()-8 -> 39 | C47: 45726 | D47: 김인숙 | E47: 춘천 | F47: 010-7475-7161 | G47: 장애 당사자 | H47: 김인숙 | I47: 여 | J47: 지체 | K47: 중증 | L47: 수급자 | M47: 급여 정보 | R47: 미끄럼보드 교부사업으로 신청이 가능한지 문의 | S47: 24년 교부사업으로 신청하였으니, 예산부족으로 받지 못했음. 25년 교부사업으로 재신청 안내 | T47: 송근필
B48: =ROW()-8 -> 40 | C48: 45728 | D48: 엄계수 | E48: 춘천 | F48: 033-264-0505 | G48: 장애 당사자 | H48: 엄계수 | I48: 남 | J48: 지체 | K48: 중증 | L48: 일반 | M48: 급여 정보 | R48: 수동휠체어 지원받는 방법 문의 | S48: 건강보험공단 급여사업 안내 | T48: 송근필
B49: =ROW()-8 -> 41 | C49: 45729 | E49: 원주시시각장애인연합회 | F49: 033-762-2771 | G49: 유관기관 종사자 | H49: 전성숙 | M49: 품목 | O49: 대여 | R49: 한소네 대여 관련하여 상담주셨음. | S49: 작년 대여 나갔던 대여품목을 수거중에 있으며 진행하게 되면 연락드리기로 하였음. | T49: 송근필
B50: =ROW()-8 -> 42 | C50: 45730 | E50: 동해시 특수교육지원청 | F50: 033-530-3036 | G50: 교육기관 종사자 | M50: 품목 | O50: 점검 | R50: 현재 특수교육청에 휠체어를 보유하고 있으며 점검받은지 오래되어 전체적으로 점검 받기를 요청하셨음. | S50: 동해시에도 수리지원센터가 있는지 파악후 전화드리기로 하였음. | T50: 송근필
B51: =ROW()-8 -> 43 | C51: 45730 | D51: 홍성지 | E51: 원주 | F51: 010-5361-6363 | G51: 장애 당사자 | H51: 홍성지 | I51: 남 | J51: 지체 | K51: 중증 | L51: 수급자 | M51: 신청 | R51: 교부사업으로 보행차 신청이 가능한지 문의 | S51: 23년 보행차 지원 받았음. 내구연한이 지나고 난 뒤 재신청이 가능하다고 안내를 드렸으며, 목욕의자가 필요하다고 하여 25년 교부사업으로 신청 가능하다 안내. | T51: 송근필
B52: =ROW()-8 -> 44 | C52: 45734 | D52: 이순미 | E52: 정선 | F52: 010-8918-1526 | G52: 장애 당사자 | H52: 이순미 | I52: 여 | J52: 시각 | K52: 중증 | L52: 수급자 | O52: 대여 | R52: 한소네 대여 문의 | S52: 담당자 출장으로 추후 연락드리기로 함 | T52: 송근필
B53: =ROW()-8 -> 45 | C53: 45735 | F53: 010-8654-4730 | G53: 장애 당사자 | M53: 품목 | O53: 대여 | R53: 한소네 대여문의 | S53: 담당자 상담중으로 추후 연라드리기로 함 | T53: 이창하
B54: =ROW()-8 -> 46 | C54: 45736 | D54: 김영광 | E54: 영월군노인요양원 | F54: 010-4056-1625 | G54: 유관기관 종사자 | M54: 품목 | O54: 세척 | R54: 소독세척문의(휠체어 40대) | S54: 담당자에게 전달 | T54: 이창하
B55: =ROW()-8 -> 47 | C55: 45737 | E55: 춘천 | F55: 010-8854-0065 | G55: 보호자 및 지인 | L55: 일반 | M55: 품목 | O55: 구입 | R55: 지팡이 구입 관련하여 문의주셨음. | S55: 대학병원 근처에 위치한 의료기기 상사에서 구입가능하다고 안내해드렸음. | T55: 이창하
B56: =ROW()-8 -> 48 | C56: 45742 | D56: 김수미 | E56: 춘천동원학교 | F56: 033-240-7736 | G56: 유관기관 종사자 | M56: 품목 | O56: 대여 | R56: 보조기기 대여 문의 | S56: 대여 담당자 분에게 내용 전달하였음. | T56: 이창하
B57: =ROW()-8 -> 49 | C57: 45742 | E57: 춘천 | F57: 033-250-1763 | G57: 보호자 및 지인 | L57: 일반 | M57: 품목 | O57: 구입 | R57: 아동 업기 어부바 보조기기 구입 문의 | S57: 아동 업기 어부바 구입처 번호 안내 | T57: 이창하
B58: =ROW()-8 -> 50 | C58: 45743 | E58: 횡성군청일면사무소 | F58: 033-402-2843 | G58: 시군구(및 읍면동) 담당자 | L58: 일반 | M58: 품목 | O58: 구입 | R58: 차량기어봉 보조기기 구입 문의 | S58: 3D프린트 제작 가능한지 담당자분과 상의하기로 함. | T58: 이창하
B59: =ROW()-8 -> 51 | C59: 45743 | D59: 안지유 | E59: 원주 | F59: 010-8969-4196 | G59: 보호자 및 지인 | L59: 일반 | M59: 기타 | O59: 기타 | R59: 장애아동,청소년 재활 및 학습 보조기구 지원사업 관련문의 학습 보조기구 중 IT관련된 보조기기 품목안내 요청 | S59: IT보조기기 품목 예시 문자로 안내해드렸음. | T59: 이창하
B60: =ROW()-8 -> 52 | C60: 45744 | E60: 춘천 | F60: 010-7228-5411 | G60: 보호자 및 지인 | H60: 지용환 | J60: 지체 | K60: 심하지 않은 | L60: 수급자 | M60: 급여 정보 | R60: 목욕의자 지원받는 방법 문의 | S60: 교부사업 정보 안내 | T60: 이창하
B61: =ROW()-8 -> 53 | C61: 45756 | D61: 활동보조인 | E61: 철원 | F61: 010-5495-5725 | G61: 보호자 및 지인 | H61: 이인남 | R61: 전동침대 렌탈 문의 | S61: 의료기상사에 대해 안내 | T61: 장홍민
B62: =ROW()-8 -> 54 | C62: 45756 | E62: 원주 | F62: 010-9910-7836 | G62: 보호자 및 지인 | H62: 차연서 | R62: 코지 베이직 체어 대여 문의 | S62: 현재 대여는 불가능하고, 5월 이후 가능하여 4월 중순~말쯤 다시 연락드린다고 함. | T62: 장홍민
B63: =ROW()-8 -> 55 | C63: 45757 | D63: 박창제 | F63: 010-5701-1914 | G63: 장애 당사자 | H63: 박창제 | L63: 수급자 | M63: 신청 | R63: 교부사업 관련 회신 전화 | S63: 담당자분께 내용 전달하였음. | T63: 심채연
B64: =ROW()-8 -> 56 | C64: 45757 | E64: 강원특별자치도 장애인 협회 | F64: 033-257-8400 | G64: 유관기관 종사자 | L64: 일반 | R64: 휠체어 대여 관련 문의 | S64: 대여 담당자 분에게 내용 전달하였음. | T64: 이창하
B65: =ROW()-8 -> 57 | C65: 45757 | E65: 원주 | F65: 010-2489-6852 | G65: 보호자 및 지인 | L65: 일반 | M65: 품목 | O65: 구입 | R65: 아동 휠체어,카시트.유모차 구입 문의 | S65: 구입처 안내 | T65: 이창하
B66: =ROW()-8 -> 58 | C66: 45758 | D66: 서춘화 | F66: 010-9785-6897 | G66: 장애 당사자 | H66: 서춘화 | M66: 신청 | R66: 욕창예방방석 구매 문의 | S66: 건강보험공단 급여비 제도 안내 | T66: 장홍민
B67: =ROW()-8 -> 59 | C67: 45761 | D67: 이종배 | F67: 010-8375-5425 | G67: 장애 당사자 | H67: 이종배 | R67: 전동휠체어 배터리 교체 문의 | S67: 담당자분께 내용전달하였음 | T67: 심채연
B68: =ROW()-8 -> 60 | C68: 45768 | D68: 성선희 | E68: 화천군 용암초등학교(특수학급교사) | F68: 070-4849-5747 | G68: 교육기관 종사자 | N68: 신청 | R68: EY한영 학습보조기기 의사소견서 관련 문의 | S68: 어린이병동 쪽 외래로 방문하여 의사소견서를 받으면 된다고 안내 | T68: 장홍민
B69: =ROW()-8 -> 61 | C69: 45768 | D69: 정혜경 | E69: 원주 | F69: 010-4012-8805 | G69: 보호자 및 지인 | O69: 대여 | R69: 휠체어 대여 관련 문의 | S69: 현재 대여는 불가능하고 5월 이후 가능하여 대상자분께서 5월 안에 가능한 시간에 다시 연락주신다고 함 | T69: 심채연
B70: =ROW()-8 -> 62 | C70: 45771 | D70: 이병현 | E70: 평창 | F70: 033-333-1297 | G70: 유관기관 종사자 | M70: 품목 | O70: 개조 및 제작 | R70: 3D프린터 제작 | S70: 담당자에게 전달 | T70: 이창하
B71: =ROW()-8 -> 63 | C71: 45775 | E71: 강릉 | F71: 033-640-5346 | G71: 유관기관 종사자 | M71: 급여 정보 | R71: 교부사업관련 문의 | S71: 신호장치 교부사업 신청 안내해드렸음 | T71: 심채연
B72: =ROW()-8 -> 64 | C72: 45775 | E72: 원주 | F72: 010-8862-7879 | G72: 보호자 및 지인 | M72: 품목 | R72: 교부사업품목관련하여 문의 | S72: 홈페이지에 2025년 교부사업 품목관련하여 공지하기로 하였으며 추가적으로 궁금하신 사항있으면 전화주시기로 하였음. | T72: 이창하
B73: =ROW()-8 -> 65 | C73: 45776 | E73: 춘천 | F73: 010-8470-1727 | G73: 보호자 및 지인 | H73: 이복순 | O73: 기타 | R73: 보조기기 기증 관련하여 문의 | S73: 목받침 있는 수동 휠체어 기증을 해주신다고 하셔서 5월 중 방문하겠다고 말씀드림. 평일의 경우 5시 이후에 방문을 원하심 주소: 석사동 기흥아파트 103동 1408호 | T73: 심채연
B74: =ROW()-8 -> 66 | C74: 45779 | E74: 원주 | F74: 033-737-5985 | G74: 시군구(및 읍면동) 담당자 | H74: 권수미 | M74: 급여 정보 | R74: 교부사업관련 문의 | S74: 교부사업 적합성 평가의뢰 한후 진행사항에 대하여 안내해드렸음. | T74: 이창하
B75: =ROW()-8 -> 67 | C75: 45779 | D75: 전정탁 | E75: 춘천 | F75: 010-4122-196 | G75: 장애 당사자 | H75: 전정탁 | O75: 대여 | R75: 욕창예방 방석 대여 문의 | S75: 욕창예방 방석 대여 여부를 문의주셨고 가능하다고 답변함. 대상자분께서는 집으로 방문하여 대여해주길 원하심. 일정을 잡은 후 연락드리기로 함. | T75: 심채연
B76: =ROW()-8 -> 68 | C76: 45779 | D76: 김하민 아버지 | E76: 원주 | F76: 010-8862-7879 | G76: 보호자 및 지인 | H76: 김하민 | L76: 차상위 | O76: 대여 | R76: 토커블 대여 문의 | S76: 토커블 대여 여부를 문의주셨고, 토커블 구성물품 확인 후 연락드리기로 함. | T76: 심채연
B77: =ROW()-8 -> 69 | C77: 45779 | D77: 이명호 | E77: 춘천 | F77: 010-4234-6376 | G77: 장애 당사자 | H77: 이명호 | I77: 남 | J77: 시각 | K77: 중증 | L77: 수급자 | O77: 대여 | R77: 대여 관련 문의 | S77: 만연필 같이 생겨서 책,영수증, 돈 등을 읽어주는 보조기기를 찾으심. 책마루와 리보3s를 안내해드렸으나 거부하심. 다음주 중 올캠 마이리더에 대해 안내해드리고 거부하실 경우 대여 불가 안내 예정 | T77: 심채연
B78: =ROW()-8 -> 70 | C78: 45786 | E78: 원주 | F78: 010-5497-1147 | G78: 유관기관 종사자 | H78: 윤주환 | I78: 남 | J78: 시각 | M78: 품목 | O78: 구입 | R78: 보조기기 구입에 대한 문의를 주셨음. | S78: 보조기기 구입은 도와드리고 있지 않으며 구입처는 안내해드렸음. | T78: 이창하
B79: =ROW()-8 -> 71 | C79: 45786 | F79: 010-8131-2748 | G79: 보호자 및 지인 | N79: 품목 | R79: 롯데복지재단 휠체어 신청 가능한지 문의 | S79: 휠체어 신청 가능하며 지원 기기 리스트 안내함. | T79: 장홍민
B80: =ROW()-8 -> 72 | C80: 45790 | E80: 춘천 | F80: 033-240-7746 | G80: 유관기관 종사자 | H80: 김강예 | O80: 대여 | R80: 퀵토거 대여 요청 | S80: 담당자분께 내용 전달 후 연락드리기로 하였음. | T80: 이창하
B81: =ROW()-8 -> 73 | C81: 45791 | D81: 안두훈 | E81: 원주 | F81: 010-7183-7948 | G81: 장애 당사자 | H81: 안두훈 | O81: 수리 | R81: 플라스틱 바구니 수리 요청 | S81: 담당자분께 내용 전달 후 연락드리기로 하였음. | T81: 심채연
B82: =ROW()-8 -> 74 | C82: 45791 | D82: 이동기 | E82: 강릉 | F82: 010-3380-2706 | G82: 보호자 및 지인 | R82: 교부사업 관련 일정 변경 | S82: 강릉시 일정이 잡힌 후 다시 연락드리기로 하였음. | T82: 심채연
B83: =ROW()-8 -> 75 | C83: 45793 | E83: 춘천시보건소 마음건강과 | F83: 033-250-4577 | G83: 유관기관 종사자 | O83: 개조 및 제작 | R83: 경사로 제작 또는 대여 관련 문의 | S83: 담당자에게 전달하였고, 현장방문 후 판단해야 될 거같다고 안내해드렸음. | T83: 이창하
B84: =ROW()-8 -> 76 | C84: 45793 | D84: 김우진 | E84: 횡성 | F84: 010-7345-5900 | G84: 보호자 및 지인 | O84: 대여 | R84: 피더시트 및 유모차 관련 대여 문의 | S84: 센터 내 보유하고 있는 보조기기에 대해 안내해드렸고 추후 센터 일정을 잡은 후 나가기로 전달해드림 주소: 횡성읍 골든클래스 아파트 102동 1306호 | T84: 심채연
B85: =ROW()-8 -> 77 | C85: 45798 | E85: 철원시보건소 | F85: 033-450-0556 | G85: 유관기관 종사자 | O85: 대여 | R85: 워커,휠체어,지팡이 대여 가능여부 | S85: 대여가능하다고 전달하였고, 대여는 최대 6개월이며 대기자분이 없을 경우에 1회 연장가능하며 사전에 대기를 신청해주셔야지 빠른 대여가 가능하다고 안내해드렸음. | T85: 이창하
B86: =ROW()-8 -> 78 | C86: 45799 | E86: 삼척시성내동행정복지센터 | F86: 033-570-4532 | G86: 시군구(및 읍면동) 담당자 | M86: 신청 | R86: 이용자분이 책마루3 교부사업 신청관련 문의와 전자책리더기관련하여 문의 전화주셨음. | S86: 책마루3 교부사업 품목으로 가능하다고 안내해드렸으며 전자책리더기는 태블릿pc를 활용하여 가능한 제품으로 이용자분이 원하는 방향과는 다를 수 있다라고 안내해드렸음. /교부사업 품목책자안내서 메일로 보내드렸음. | T86: 이창하
B87: =ROW()-8 -> 79 | C87: 45800 | E87: 강릉특수교육청 | F87: 033-640-1296 | G87: 유관기관 종사자 | O87: 대여 | R87: 학생이 수업 듣는데 에 있어 잘들리지 않아 FM보청기 대여 요청하였음 | S87: 대여 담당자 분께 전달해드리고 월요일날 연락드리기로함. | T87: 이창하
B88: =ROW()-8 -> 80 | C88: 45803 | E88: 춘천 | F88: 010-9747-4109 | G88: 보호자 및 지인 | O88: 대여 | R88: 수동휠체어 대여 관련 문의전화를 주셨음. 바로 대여가 가능한지 문의전화주셨음. | S88: 대여는 바로 어렵고 대기자 명단에 올려드려야되는상황이라고 안내해드렸음. 바로 사용해야되서 대기자 명단은 올려주지 않으셔도 된다고 하셨음. | T88: 이창하
B89: =ROW()-8 -> 81 | C89: 45803 | E89: 평창 | F89: 010-3764-9929 | G89: 보호자 및 지인 | Q89: 체험 | R89: 수동휠체어 체험문의 주셨음. | S89: 방문전에 연락주시면 준비하여 도움을 드릴 수 있다고 안내해드렸음. | T89: 이창하
B90: =ROW()-8 -> 82 | C90: 45803 | E90: 춘천 | F90: 010-3445-7292 | G90: 보호자 및 지인 | O90: 대여 | R90: 결혼식 때 단기대여로 이동식경사로 요청하셨음. | S90: 대여 가능하며 센터에 내방하셔서 계약서 작성 대여가능하다고 안내해드렸음. | T90: 이창하
B91: =ROW()-8 -> 83 | C91: 45804 | E91: 속초시행정복지센터 | F91: 033-249-2203 | G91: 시군구(및 읍면동) 담당자 | M91: 지원범위 | R91: 배회감지기가 교부사업 품목에 해당되는지 문의 | S91: 보조기기센터 교부사업 해당 품목은 아니나, 노인장기요양보험 복지용구급여사업으로 교부받을 수 있다는 것을 안내드림. | T91: 양하나
B92: =ROW()-8 -> 84 | C92: 45807 | D92: 천정숙 | E92: 춘천 | F92: 010-5008-2310 | G92: 보호자 및 지인 | Q92: 체험 | R92: 안구마우스 사용처험 문의 | S92: 6/18 14:50 안구마우스 사용체험 예약 | T92: 이창하
B93: =ROW()-8 -> 85 | C93: 45812 | E93: 태백 | F93: 010-5256-6409 | G93: 보호자 및 지인 | M93: 신청 | R93: 교부사업 신청 품목 중에 목욕의자가 없다고 행정복지센터에서 안내를 받아 확인차 연락을 주셨음. | S93: 교부사업 품목에 목욕의자 품목이 있고 행정복지센터와 통화하여 대상자분께 전화드리기로 하였음. | T93: 이창하
B94: =ROW()-8 -> 86 | C94: 45812 | E94: 태백시장성동행정복지센터 | F94: 033-581-6903 | G94: 시군구(및 읍면동) 담당자 | M94: 신청 | R94: 교부사업 품목 중 목욕의자 신청이 가능한지에 대한 문의 교부사업이 어떤 사업인지에 대한 안내 | S94: 교부사업 품목 중 목욕의자가 해당이 가능하며 기초생활수급자,차상위가 대상이 대며 품목은 3가지 품목이 가능하며 1년에 200만원 지원금액이 있음을 안내해드렸음. | T94: 이창하
B95: =ROW()-8 -> 87 | C95: 45812 | E95: 철원 | F95: 010-6476-9912 | G95: 시군구(및 읍면동) 담당자 | M95: 신청 | R95: 교부사업 신청 시 진단서가 필요한가요? 지체장애를 가지고 있고 목욕의자,휴대용경사로 신청이 가능한가요? | S95: 진단서는 따로 필요없고 장애인등록증을 소유하고 있고 기초생활수급자,차상위계층이시면 지원신청가능하며 목욕의자,휴대용경사로 신청 모두 가능합니다. | T95: 이창하
B96: =ROW()-8 -> 88 | C96: 45812 | E96: 횡성군지제장애인협회 | F96: 070-4900-2662 | G96: 유관기관 종사자 | M96: 신청 | R96: 교부사업 신청 시 필요한 서류 및 대상자 등 지원사업 관련하여 문의주셨음. | S96: 교부사업에 대하여 설명 안내해 드렸음. | T96: 이창하
B97: =ROW()-8 -> 89 | C97: 45817 | E97: 춘천 | F97: 010-8919-8711 | G97: 보호자 및 지인 | O97: 대여 | R97: 센터 방문하여 목욕의자 사용체험 후 대여가 가능한지문의를 주셨음. | S97: 강원도 지역에 거주하고 계시고 장애등록증가지고 계시면 대여 가능하며 현재 목욕의자 보유하고 있다고 안내해드렸음. | T97: 이창하
B98: =ROW()-8 -> 90 | C98: 45817 | E98: 철원 | F98: 010-3923-2927 | G98: 보호자 및 지인 | O98: 대여 | R98: 유모차 사용체험 후 대여 문의 철원인데 혹시 출장가능한지에 대한 문의 | S98: 철원 일정이 잡혀있지 않아 바로 방문은 어렵고 철원일정 잡히는 대로 연락드리고 방문 진행하기로 하였음. | T98: 이창하
B99: =ROW()-8 -> 91 | C99: 45818 | E99: 인제군보건소 | F99: 033-460-2522 | G99: 유관기관 종사자 | R99: 일반대상자분이시고 안전손잡이 지원 가능한지에 대한 문의를 주셨음. | S99: 건강보험공단을 통해서 장기요양등급 판정 후 도움 받는 방법이 있다고 안내해드렸음. | T99: 이창하
B100: =ROW()-8 -> 92 | C100: 45819 | E100: 중앙보조기기센터 | F100: 02-901-1959 | G100: 유관기관 종사자 | R100: 맞춤제작, CNC발표 관련 문의 | S100: 담당선생님께 전달해드리고 목요일 날 다시 연락드리고 함. | T100: 심채연
B101: =ROW()-8 -> 93 | C101: 45819 | D101: 김응화 | F101: 010-4500-2991 | G101: 보호자 및 지인 | R101: 전동침대 수리 및 구입관련 문의주셨음. | S101: 센터에서 구입은 할 수 없다고 설명드렸으며, 전동침대 수리의 경우 구입처 찾아서 번호 안내드렸음. | T101: 심채연
...

Sheet 2025DB
B1: 월 | C1: 건수 | E1: 의뢰인 유형 | F1: 건수 | G1: 공적급여 | H1: 건수 | I1: 민간급여 | J1: 건수 | K1: 보조기기 | L1: 건수 | M1: 사례연계 | N1: 건수 | O1: 기타 | P1: 건수
B2: 1월 | C2: =COUNTIFS('2025'!$C$9:$C$229,">=2025-01-01",'2025'!$C$9:$C$229,"<=2025-1-31") -> 18 | E2: 장애 당사자 | F2: =COUNTIF('2025'!$G$9:$G$119,E2) -> 28 | G2: 급여정보 | I2: 급여정보 | K2: 구입 | M2: 사례관리 서비스 요청 | O2: 기타
B3: 2월 | C3: =COUNTIFS('2025'!$C$9:$C$229,">=2025-01-01",'2025'!$C$9:$C$229,"<=2025-1-31") -> 18 | E3: 보호자 및 지인 | F3: =COUNTIF('2025'!$G$9:$G$119,E3) -> 41 | G3: 신청 | I3: 신청 | K3: 가격 | M3: 타 센터 및 기관 사례 연계
B4: 3월 | C4: =COUNTIFS('2025'!$C$9:$C$229,">=2025-01-01",'2025'!$C$9:$C$229,"<=2025-1-31") -> 18 | E4: 시군구(및 읍면동) 담당자 | F4: =COUNTIF('2025'!$G$9:$G$119,E4) -> 10 | G4: 지원범위 | I4: 지원범위 | K4: 기능 | M4: 기타
B5: 4월 | C5: =COUNTIFS('2025'!$C$9:$C$229,">=2025-01-01",'2025'!$C$9:$C$229,"<=2025-1-31") -> 18 | E5: 유관기관 종사자 | F5: =COUNTIF('2025'!$G$9:$G$119,E5) -> 29 | G5: 품목 | I5: 품목 | K5: 종류
B6: 5월 | C6: =COUNTIFS('2025'!$C$9:$C$229,">=2025-01-01",'2025'!$C$9:$C$229,"<=2025-1-31") -> 18 | E6: 교육기관 종사자 | F6: =COUNTIF('2025'!$G$9:$G$119,E6) -> 3 | G6: 내구연한 | I6: 기타 | K6: 명칭
B7: 6월 | C7: =COUNTIFS('2025'!$C$9:$C$229,">=2025-01-01",'2025'!$C$9:$C$229,"<=2025-1-31") -> 18 | E7: 기타 | F7: =COUNTIF('2025'!$G$9:$G$119,E7) -> 0 | G7: 기타 | K7: 대여
B8: 7월 | C8: =COUNTIFS('2025'!$C$9:$C$229,">=2025-01-01",'2025'!$C$9:$C$229,"<=2025-1-31") -> 18 | E8: 합계 | F8: =SUM(F2:F7) -> 111 | G8: 합계 | H8: =SUM(H2:H7) -> 0 | K8: 개조 및 제작
B9: 8월 | C9: =COUNTIFS('2025'!$C$9:$C$229,">=2025-01-01",'2025'!$C$9:$C$229,"<=2025-1-31") -> 18 | F9: =F4/118 -> 0.084745763 | K9: 세척
B10: 9월 | C10: =COUNTIFS('2025'!$C$9:$C$229,">=2025-01-01",'2025'!$C$9:$C$229,"<=2025-1-31") -> 18 | K10: 점검
B11: 10월 | C11: =COUNTIFS('2025'!$C$9:$C$229,">=2025-01-01",'2025'!$C$9:$C$229,"<=2025-1-31") -> 18 | K11: 수리
B12: 11월 | C12: =COUNTIFS('2025'!$C$9:$C$229,">=2025-01-01",'2025'!$C$9:$C$229,"<=2025-1-31") -> 18 | K12: 재사용
B13: 12월 | C13: =COUNTIFS('2025'!$C$9:$C$229,">=2025-01-01",'2025'!$C$9:$C$229,"<=2025-1-31") -> 18 | K13: 기타
B14: 합계 | C14: =SUM(C2:C13) -> 216
I23: 95
I24: 20 | J24: =I24/I23 -> 0.21052632

Sheet 2024
B1: <안내 사항> 1. 향후 각 보조기기센터 콜센터 상담일지 내용 취합 시 개인정보보호법 해당되는 의뢰인 성명, 의뢰인 연락처에 해당되는 항목은 제외하여 회신 * 의뢰인 성명, 의뢰인 연락처 : 개인을 알아볼 수 있는 정보(해당 정보만으로는 특정 개인을 알아볼 수 없더라도 다른 정보와 쉽게 결합하여 알아볼 수 있는 것을 포함함) 2. 엑셀시트 항목 중 진한글씨항목(연번, 상담일, 의뢰외 유형, 상담내용(질문유형, 질문내용, 답볍))은 필수항목이므로 반드시 입력, 이외 나머지는 선택사항임 3. 상담내용 작성 시, 반드시 질문유형(공적급여, 민간급여, 보조기기, 사례연계, 기타)에 한가지는 입력 후 질문내용 및 답변 입력 필요
C2: 보호자 및 지인
B4: 일반정보 | M4: 상담내용 | T4: 상담자
B5: 연번 | C5: 상담일 | D5: 의뢰인 성명 | E5: 의뢰인 지역 또는 소속 | F5: 의뢰인 연락처 | G5: 의뢰인 유형 | H5: 대상자 성명 | I5: 대상자 성별 | J5: 대상자 장애유형 | K5: 대상자 장애정도 | L5: 대상자 경제상황 | M5: 질문 유형 | R5: 질문내용 | S5: 답변 (상담에 따른 조치사항 등)
M6: 공적급여 | N6: 민간급여 | O6: 보조기기 | P6: 사례연계 | Q6: 기타
M7: =COUNTA(M9:M283) -> 60 | N7: =COUNTA(N9:N283) -> 8 | O7: =COUNTA(O9:O283) -> 66 | P7: =COUNTA(P9:P283) -> 0 | Q7: =COUNTA(Q9:Q283) -> 17
B8: =COUNTA(B9:B283) -> 185 | C8: =COUNTA(C9:C283) -> 160 | G8: =COUNTA(G9:G283) -> 157 | M8: =SUM(M7:Q7) -> 151
B9: =ROW()-8 -> 1 | C9: 45296 | E9: 동해시청 복지과 | G9: 시군구(및 읍면동) 담당자 | M9: 품목 | R9: 의료급여 욕창예방방석 장애유형은 지체, 뇌병변인데 교부사업과 치이 | S9: 교부사업은 심장장애인 경우 지원 가능하다고 답변 | T9: 정소영
B10: =ROW()-8 -> 2 | C10: 45296 | D10: 이미정 | E10: 강릉 | F10: 010-4806-2025 | G10: 장애 당사자 | H10: 이미정 | I10: 여 | J10: 지체 | K10: 중증 | L10: 수급자 | M10: 품목 | R10: 휠체어담요 사이즈교환 및 교부사업 재신청 가능 여부 | S10: 사이즈교환은 불가능하고 내구연한 2년 제품으로 2026년 재신청 가능하다고 답변 | T10: 장홍민
B11: =ROW()-8 -> 3 | C11: 45301 | F11: 010-4741-1555 | G11: 보호자 및 지인 | Q11: 0 | R11: 의료용 침대 매트리스 소독 여부 문의 | S11: 보조기기 서비스에 해당 되지 않음을 안내 | T11: 정소영
B12: =ROW()-8 -> 4 | C12: 45306 | E12: 춘천 | G12: 장애 당사자 | I12: 남 | J12: 지체 | K12: 중증 | L12: 수급자 | M12: 급여 정보 | R12: 보조기기를 신청하고 싶은데 어떻게 해야하는지 문의 | S12: 의료급여, 교부사업 안내 | T12: 정소영
B13: =ROW()-8 -> 5 | C13: 45313 | E13: 활동지원사 | G13: 보호자 및 지인 | I13: 남 | J13: 뇌병변 | L13: 수급자 | M13: 급여 정보 | R13: 보행차 지원을 받고 싶은데 어떻게 해야 하는지 문의 | S13: 교부사업 안내 | T13: 정소영
B14: =ROW()-8 -> 6 | C14: 45316 | E14: 강릉 | F14: 010-2301-3309 | G14: 보호자 및 지인 | I14: 남 | J14: 지체 | K14: 중증 | L14: 차상위 | M14: 급여 정보 | R14: 장애인보조기기 교부사업 정보 문의 | S14: 교부사업 안내 | T14: 송근필
B15: =ROW()-8 -> 7 | C15: 45322 | D15: 김명옥 | E15: 홍천군 | F15: 010-6725-3888 | G15: 장애 당사자 | I15: 여 | J15: 지체 | K15: 중증 | O15: 기타 | R15: 차에 실을 만한 가벼운 휠체어 체험 희망 | S15: 2월 15일 10~11시 내방 예정 | T15: 정소영
B16: =ROW()-8 -> 8 | C16: 45324 | F16: 010-3367-7864 | G16: 보호자 및 지인 | L16: 수급자 | M16: 신청 | R16: 전동휠체어 신청 절차 중 처방전 관련 문의 | S16: 처방전 발생 밥법 안내 | T16: 정소영
B17: =ROW()-8 -> 9 | C17: 45328 | E17: 태백시 행정복지센터 | G17: 시군구(및 읍면동) 담당자 | L17: 수급자 | M17: 품목 | R17: 어르신들이 끌고다니다가 앉아있을수도 있고 물건도 실을 수 있는 기기 이름 | S17: 보행차 품목 안내(좌석형, 탁자형 등) | T17: 정소영
B18: =ROW()-8 -> 10 | C18: 45336 | D18: 박병모 | E18: 원주 | F18: 010-6762-8582 | G18: 보호자 및 지인 | O18: 대여 | R18: 2019년생 원주 거주 심한 뇌병변 장애 3번 염색체 이상 희귀난치성질환 키 110cm, 체중 14kg 캐롯카시트, 피더시트 대여 문의 | S18: 대여 담당자 연결해드리기로 함 | T18: 김영기
B19: =ROW()-8 -> 11 | C19: 45337 | G19: 보호자 및 지인 | J19: 국가유공자 5급 | M19: 급여 정보 | R19: 보훈처에서 휠체어 지원이 안된다고 하는데 지원 받을 수 있는 방법 | S19: 의사 처방전 요청하여 건보공단 신청 여부 확인 안내 | T19: 정소영
B20: =ROW()-8 -> 12 | C20: 45337 | E20: 춘천 | G20: 보호자 및 지인 | J20: 지체 | K20: 중증 | M20: 급여 정보 | R20: 전동침대 지원 방법, 휠체어 지원 방법 문의 | S20: 휠체어 건보급여 안내, 전동침대 대여 방법 안내 | T20: 정소영
B21: =ROW()-8 -> 13 | C21: 45341 | D21: 박관순 | E21: 동해 | F21: 010-9324-2502 | G21: 장애 당사자 | J21: 뇌병변 | L21: 수급자 | M21: 급여 정보 | R21: 보행차 지원 | S21: 교부사업 안내 | T21: 정소영
B22: =ROW()-8 -> 14 | C22: 45348 | F22: 010-8619-7890 | G22: 장애 당사자 | J22: 지체 | L22: 일반 | M22: 신청 | R22: 천수손상(하지마비) 욕창예방 방석 지원 신청 문의 | S22: 건강보험급여 신청 안내 | T22: 정소영
B23: =ROW()-8 -> 15 | C23: 45348 | G23: 보호자 및 지인 | J23: 장기요양 | L23: 일반 | M23: 신청 | R23: 요양등급 3급, 목욕의자 구매 또는 지원 방법 | S23: 노인장기요양 복지용구지원사업 안내, 강릉 근처 의료기기상사 안내 | T23: 정소영
B24: =ROW()-8 -> 16 | C24: 45351 | D24: 박성훈 | E24: 춘천 | F24: 010-5309-5963 | G24: 유관기관 종사자 | H24: 서성자 | I24: 여 | J24: 지체 | O24: 대여 | R24: 수동휠체어 대여, 재사용 지원 가능 문의 | S24: 대상자 연락을 통해 수동 휠체어 대여 진행 예정 | T24: 장홍민
B25: =ROW()-8 -> 17 | C25: 45355 | D25: 정민지 | E25: 춘천 | F25: 033-250-4295 | G25: 시군구(및 읍면동) 담당자 | H25: 김정자 | I25: 여 | J25: 지체 | L25: 차상위 | M25: 품목 | R25: 교정용 신발 관련 지원방법 및 교부사업으로 지원가능한지 문의 | S25: 건강보험급여 안내 및 신청방법 안내 | T25: 박상범
B26: =ROW()-8 -> 18 | C26: 45356 | D26: 허지혜 | F26: 010-3330-6352 | G26: 보호자 및 지인 | H26: 허고운 | I26: 남 | J26: 지체 | K26: 중증 | O26: 대여 | R26: 안구마우스 대여 및 사용법 문의 | S26: 현재 보호자의 집으로 거주지를 옮겨 경기도에 거주 중, 이에 경기도 센터로 안내 및 연결함 | T26: 박상범
B27: =ROW()-8 -> 19 | C27: 45358 | E27: 동해해솔학교 | G27: 교육기관 종사자 | N27: 급여정보 | R27: SPC 민간지원사업 관련 문의 | S27: 추 후 신청 보조기기 문의 연락에 대한 답변 예정 | T27: 장홍민
B28: =ROW()-8 -> 20 | C28: 45359 | E28: 고성군청 | F28: 033-680-3444 | G28: 시군구(및 읍면동) 담당자 | M28: 기타 | R28: 교부 확인 방법 문의 | S28: 2024년 장애인복지사업 안내 책자 내용 안내 | T28: 정소영
B29: =ROW()-8 -> 21 | C29: 45365 | E29: 속초시 노학동 주민센터 | G29: 시군구(및 읍면동) 담당자 | J29: 지체 | L29: 수급자 | M29: 품목 | R29: 지지대 및 손잡이 정의 | S29: 안전손잡이 설명 | T29: 정소영
B30: =ROW()-8 -> 22 | C30: 45366 | E30: 춘장복 | F30: 033-262-0035 | G30: 유관기관 종사자 | J30: 지체 | Q30: 의지보조기 | R30: 의지보조기 맞춤 제작 상담 받을 수 있는 곳 문의 | S30: 춘천관내 의지보조기 상사 안내 | T30: 정소영
B31: =ROW()-8 -> 23 | C31: 45370 | F31: 010-3543-3364 | O31: 대여 | R31: 손떨림이 심하셔서 식사 보조기기 대여 하고 싶어하심. | S31: 장애등급, 노인장기요양등급 여부 확인 후 다시 전화 주시기로 함. 기기 구매 방법 안내 | T31: 정소영
B32: =ROW()-8 -> 24 | C32: 45370 | E32: 고성군청 | G32: 시군구(및 읍면동) 담당자 | M32: 지원범위 | R32: 품목 3개 신청 가능 여부, 안전손잡이 지원 개수 | S32: 지원기준금액 합계 200만원 한도 내 3개 가능, 안전손잡이 경우 환경 및 용도에 따라 담당자가 지정 | T32: 정소영
B33: =ROW()-8 -> 25 | C33: 45371 | E33: 철원군 동송읍 행정복지센터 | F33: 033-450-5623 | G33: 시군구(및 읍면동) 담당자 | Q33: 보조기 | R33: 발목이 떨어지지 않게 고정해주는 기기 이름과 지원사업 문의 | S33: 보조기 종류로 의료급여사업 안내 | T33: 정소영
B34: =ROW()-8 -> 26 | C34: 45379 | D34: 박성수 | E34: 강원명진학교 | F34: 010-3479-9870 | G34: 교육기관 종사자 | N34: 지원범위 | R34: 2024 따뜻한동행 첨단보조기기 지원사업 문의 | S34: 지원연령, 지원기기 정보 답변 | T34: 장홍민
B35: =ROW()-8 -> 27 | C35: 45380 | D35: 조연경 | E35: 강원특수교육지원센터 | G35: 교육기관 종사자 | O35: 대여 | R35: 경제상황이 건강보험 가입자인 학생이 지원 받을 수 있는 사업 문의 | S35: 대여 및 민간지원사업 안내, 담당자 안내 | T35: 정소영
B36: =ROW()-8 -> 28 | C36: 45380 | G36: 보호자 및 지인 | O36: 대여 | R36: 안구마우스 대여 문의(서울시 거주) | S36: 서울시 보조기기센터 소개 및 절차 안내 | T36: 정소영
B37: =ROW()-8 -> 29 | C37: 45383 | E37: 원주시 흥업면 행정복지센터 | G37: 시군구(및 읍면동) 담당자 | Q37: 0 | R37: 전동침대 교부 받은 이후 요양병원에 들어가시면서 전동침대를 어떻게 처리 해야하는 지 문의 | S37: 기증 및 재사용 등 활용 방안 안내 | T37: 정소영
B38: =ROW()-8 -> 30 | C38: 45384 | E38: 원주시 천사들의집 | F38: 010-3816-0116 | G38: 유관기관 종사자 | J38: 지적 | K38: 중증 | L38: 일반 | O38: 구입 | R38: 바디서포트 구매 문의, 센터 기관방문 및 홍보, 상담 요청 매주 월요일 10이후 가능 | S38: 건보급여사업 절차 안내, 팀회의 후 연락드리기로 함 | T38: 정소영
B39: =ROW()-8 -> 31 | C39: 45386 | E39: 영월군 종합상담소 | F39: 033-374-7098 | G39: 유관기관 종사자 | J39: 뇌병변 | L39: 수급자 | M39: 급여 정보 | R39: 보행차 지원 사업 문의 | S39: 교부사업, 의료급여사업 안내 | T39: 정소영
B40: =ROW()-8 -> 32 | C40: 45398 | D40: 김희진 | G40: 장애 당사자 | J40: 시각 | K40: 중증 | L40: 수급자 | O40: 대여 | R40: 한소네6, 센스원베이직 대여 문의 | S40: 담당자 자리 비움으로 메신저 전달 | T40: 정소영
B41: =ROW()-8 -> 33 | C41: 45398 | D41: 황태현 | G41: 장애 당사자 | J41: 시각 | K41: 중증 | O41: 대여 | R41: 한소네6 대여 문의 | S41: 담당자 자리 비움으로 메신저 전달 | T41: 정소영
B42: =ROW()-8 -> 34 | C42: 45398 | E42: 원주 행정복지센터 | G42: 시군구(및 읍면동) 담당자 | M42: 품목 | R42: 휠체어 우비 교부 가능한지 문의 | S42: 장애인용 의복으로 신청 가능함을 안내 | T42: 정소영
B43: =ROW()-8 -> 35 | C43: 45398 | G43: 장애 당사자 | J43: 미판정 | Q43: 배터리 구매 | R43: 전동스쿠터 배터리 구매 업체 문의 | S43: 문자로 업체 정보 전달 | T43: 정소영
B44: =ROW()-8 -> 36 | C44: 45406 | E44: 고성군 | G44: 시군구(및 읍면동) 담당자 | M44: 급여 정보 | R44: 차량 탑승 개조 지원 가능한 사업 문의 | S44: 보조공학 지원사업 안내 | T44: 정소영
B45: =ROW()-8 -> 37 | C45: 45406 | D45: 박효진 | E45: 굿피플 | F45: 02-6011-9469 | G45: 기타 | Q45: 민간지원사업 | R45: 굿피플 민간지원사업 홍보요청 | S45: 홈페이지 게시 및 협조요청 공문 예정 | T45: 장홍민
B46: =ROW()-8 -> 38 | C46: 45406 | E46: 속초시 | G46: 보호자 및 지인 | J46: 지체 | L46: 일반 | M46: 급여 정보 | R46: 전동 스쿠터 지원 받을 수 있는 방법 | T46: 정소영
B47: =ROW()-8 -> 39 | C47: 45407 | E47: 고성군 | F47: 010-2401-1548 | G47: 보호자 및 지인 | H47: 정무영 | M47: 급여 정보 | R47: 아동용 전동침대 지원 사업 문의 | S47: 교부사업 안내 | T47: 정소영
B48: =ROW()-8 -> 40 | C48: 45407 | D48: 김선기 | F48: 010-2281-9610 | G48: 장애 당사자 | J48: 시각 | K48: 경증 | O48: 기타 | R48: 시각장애인용 기기 지원 가능 문의 | T48: 정소영
B49: =ROW()-8 -> 41 | C49: 45407 | D49: 김희진 | E49: 철원군 | F49: 010-8654-4730 | G49: 장애 당사자 | H49: 김희진 | I49: 여 | O49: 수리 | R49: 정통임대사업으로 한소네 대여하여 사용중 점자 부분이 튀어올라와서 수리가 필요 | S49: 담당자(장홍민) 연락 후 수리예정 | T49: 송근필
B50: =ROW()-8 -> 42 | C50: 45407 | D50: 박수진 | F50: 010-9085-4121 | G50: 보호자 및 지인 | N50: 급여정보 | R50: 월드비전 희귀난치 지원사업 관련 문의 희귀난치진단서 발급이 어려워 과거 20년도에 발급 받았던걸로 가늠할 수 있는지 문의 | S50: 의사파업으로 인해 올해는 1년이내 서류 조건 삭제로 20년도 진단서여도 신청 가능하다고 답변함. | T50: 송근필
B51: =ROW()-8 -> 43 | C51: 45408 | E51: 속초시 | G51: 시군구(및 읍면동) 담당자 | M51: 기타 | R51: 추가 신청 품목 경우, 따로 평가 의뢰 없이 대상자에게 신청을 받아 진행해도 되는 지 여부 문의 | S51: 평가 결과, 추가 신청 동의 서류를 구비한 경우 별도의 평가 의뢰 없이 대상자에게 추가 신청을 받아 진행하고 교부여부는 지침에 따라 시에서 결정함 안내 | T51: 정소영
B52: =ROW()-8 -> 44 | C52: 45411 | G52: 보호자 및 지인 | H52: 안지유 | N52: 신청 | R52: 민간지원사업 신청서류 질문 및 과거 지원받았던 민간지원사업 확인문의 | S52: 신청서류 안내 및 2023년도 지원받았던 지원사업 확인 후 지원불가지원사업 안내 | T52: 장홍민
B53: =ROW()-8 -> 45 | C53: 45411 | F53: 010-9085-4121 | H53: 경규윤 | N53: 신청 | R53: 신청서류(차상위증명서, 재학증명서) 문의 | S53: 제출해야할 서류에 대해서 안내 | T53: 장홍민
B54: =ROW()-8 -> 46 | C54: 45412 | E54: 춘천시 | G54: 기타 | O54: 대여 | R54: 워커 대여 문의 | S54: 대여 불가능 장기요양등급신청에 대해 안내
B55: =ROW()-8 -> 47 | C55: 45412 | E55: 삼척시 특수교육지원센터 | F55: 010-5251-6550 | G55: 교육기관 종사자 | Q55: 척추 보조기 | R55: 전동휠체어에 몸을 고정하기 위한 이너(독일제)를 구입하여 사용하고 있으나 맞지 않아 몸이 앞으로 쏠리고, 땀이 차는 등 사용하지 못할 정도여서 코셋 종류를 알아보고자 함. | S55: 국민건강보험공단 척추보조기 지원 내용 및 참고 유튜브 영상 문자로 안내 | T55: 정소영
B56: =ROW()-8 -> 48 | C56: 45412 | D56: 조아라 | E56: 발달장애인지원센터 | F56: 033-817-2354 | G56: 유관기관 종사자 | Q56: 민간지원사업 | R56: 발달장애인이 신청할 수 있는 민간지원사업 문의 | S56: 현재 진행하는 사업 소개 및 추후에 나이제한이 없는 지원사업이 생길시 연락드리기로 함 | T56: 장홍민
B57: =ROW()-8 -> 49 | C57: 45412 | D57: 최세희 | E57: 원주장애인복지관 | F57: 070-4297-3042 | G57: 유관기관 종사자 | O57: 기타 | R57: 변기높이를 10cm 늘릴 수 있는 보조기기에 대해 문의 | S57: 5/2 연락드리기로 함(장홍민) | T57: 장홍민
B58: =ROW()-8 -> 50 | C58: 45414 | D58: 김교중 | G58: 장애 당사자 | M58: 기타 | R58: 교부신청을 했는데 아직까지 연락이 안와서 전화함 | S58: 정선군청에 문의하시길 안내함 | T58: 정소영
B59: =ROW()-8 -> 51 | C59: 45414 | F59: 010-6339-9839 | G59: 보호자 및 지인 | H59: 임영식 | M59: 기타 | R59: 임영식님 신청 취소 사유에 대해서 문의 자부담이 발생해서 취소한 건지 등에 대해 문의 | S59: 담당자에게 현황 전달해서 통화 진행함 | T59: 정소영
B60: =ROW()-8 -> 52 | C60: 45414 | D60: 최예지 | E60: 강릉시청 | G60: 시군구(및 읍면동) 담당자 | M60: 기타 | R60: 지원기준금액 문의 및 자부담 의사 확인 여부 | S60: 기준금액 다시 안내, 대상자 자부담하기로 함. | T60: 박상범
B61: =ROW()-8 -> 53 | C61: 45415 | E61: 원주 | F61: 010-4425-7279 | G61: 보호자 및 지인 | H61: 채하준 | I61: 남 | J61: 지적 | K61: 중증 | O61: 재사용 | R61: 22년도 지원받았던 보조기기 회수 요청
B62: =ROW()-8 -> 54 | C62: 45419 | D62: 이은주 | E62: 강장복 | G62: 유관기관 종사자 | O62: 대여 | R62: 토요일 행사로 인해 경사로 대여 문의 | S62: 담당자에게 전달 | T62: 정소영
B63: =ROW()-8 -> 55 | C63: 45419 | D63: 호봉길 | E63: 춘천시 | G63: 보호자 및 지인 | J63: 지적 | K63: 중증 | L63: 수급자 | O63: 기타 | R63: - 뇌성마비 92년생 / 평일 오후 4시까지 강장복 주간보호소를 다니며, 집에 도착하면 오후 4시반 이후라고 함. - 경기를 자주 일으키고, 혼자 걷지 못하고, 발화가 어려워 의사소통이 제대로 되지 않음. - 특별한 보조기기를 사용하지 않고 있으며, 경기로 인해 낙상의 위험을 방지하고자 바닥에 쿠션을 깔고 생활. | S63: 담당자 결정 후 일정조율을 위해 다시 연락드리겠다고 함. | T63: 정소영
B64: =ROW()-8 -> 56 | C64: 45419 | G64: 보호자 및 지인 | M64: 기타 | R64: 교부사업으로 이동변기 신청하려고 하는데 지원금액이 얼마인지 문의 | S64: 지원한도금액 안내 | T64: 정소영
B65: =ROW()-8 -> 57 | C65: 45420 | D65: 황윤서 | E65: 도 장애인복지과 | G65: 시군구(및 읍면동) 담당자 | J65: 시각 | K65: 중증 | L65: 수급자 | O65: 대여 | R65: 올캠 대여 문의 | S65: 담당자 번호 전달 / 추후 대상자가 전화하기로 함. | T65: 정소영
B66: =ROW()-8 -> 58 | C66: 45421 | D66: 이예림 | E66: 재활병원 공공 | G66: 유관기관 종사자 | H66: 이숙자 | I66: 여 | J66: 장기요양 | L66: 일반 | O66: 구입 | R66: 안전손잡이 설치 문의 | S66: 노인장기요양등급 확인 후 복지용구 사업 및 업체정보 안내 | T66: 송근필
B67: =ROW()-8 -> 59 | C67: 45421 | D67: 이현주 | E67: 평택시 | F67: 010-3361-8089 | G67: 보호자 및 지인 | H67: 이규옥 | I67: 남 | J67: 지체 | K67: 중증 | L67: 수급자 | O67: 대여 | R67: 이동식리프트 대여 문의 정신과약 복용중이며 다시 약 처방을 위해 병원 방문이 필요 하지만, 휠체어를 탈 수 있는 방법이 없어 갈 수 없는 상황 오른쪽 팔 마비 진행 , 왼손 거능 / 하지마비 원주 단계동 은행아파트 103동204 | S67: 요양원 입소하여 서비스 종료(5/28) | T67: 송근필
B68: =ROW()-8 -> 60 | C68: 45422 | E68: 횡성군 | F68: 010-5739-8885 | G68: 보호자 및 지인 | H68: 강민찬 | I68: 남 | J68: 자폐성 | K68: 중증 | L68: 수급자 | M68: 품목 | R68: 장애인보조기기교부사업 외 다른 신청가능한 지원사업에 대해 문의 | S68: 정보통신보조기기 안내 및 장애인보조기기교부사업에 대해 재안내 (내구연한 설명) | T68: 장홍민
B69: =ROW()-8 -> 61 | C69: 45426 | D69: 조현지 | E69: 양양군 | F69: 010-8967-1324 | G69: 장애 당사자 | J69: 지체 | K69: 중증 | L69: 일반 | O69: 대여 | R69: 히포캄포(해변용 휠체어), 욕창방석(로호), 이동식리프트체어 대여 문의 | S69: 담당자 전달 | T69: 정소영
B70: =ROW()-8 -> 62 | C70: 45426 | D70: 신희숙 | E70: 홍천군 | F70: 033-430-2112 | G70: 시군구(및 읍면동) 담당자 | M70: 급여 정보 | R70: 안구마우스 지원받을 수 있는 지원사업 문의 | S70: 정보통신보조기기 보급사업 안내 | T70: 송근필
B71: =ROW()-8 -> 63 | C71: 45426 | E71: 신사우동주민센터 | G71: 시군구(및 읍면동) 담당자 | O71: 수리 | R71: 수리지원금 문의 | S71: 수리지원금 안내 | T71: 정소영
B72: =ROW()-8 -> 64 | C72: 45428 | G72: 보호자 및 지인 | M72: 급여 정보 | R72: 중앙홈페이지에서 지원한도상향이라는 문구를 보고 연락 | S72: 교부사업 안내 | T72: 정소영
B73: =ROW()-8 -> 65 | C73: 45429 | D73: 임형수 (고모부) | E73: 강릉시 가작로 85 강릉교동(2)주공아파트 205동 905호 | F73: 010-3791-8241 | G73: 보호자 및 지인 | H73: 채진주 | I73: 여 | K73: 중증 | L73: 차상위 | O73: 대여 | R73: 29살 / 왼손 움직임, 문자 인식 가능, 청각, 언어기능 장애, 3년전 뇌졸중으로 쓰러짐. 보호자가 정확하게 무슨 장애인지는 모르지만 장애등록되어 있다고 함. 정보통신에 소로보탭 신청하려 하였으나, 먼저 사용할 수 있는지 여부 부터 알아보고자 대여 신청 | S73: 6월 중 시험적용 및 대여 예정(소보로탭) - 장 | T73: 장홍민
B74: =ROW()-8 -> 66 | C74: 45432 | G74: 보호자 및 지인 | M74: 급여 정보 | R74: 중학생인데 양쪽다 보청기를 끼고 있는데 정부에서 지원받을 수 있는 방법 문의 | S74: 청각장애 등록 안내 | T74: 정소영
B75: =ROW()-8 -> 67 | C75: 45432 | G75: 시군구(및 읍면동) 담당자 | J75: 뇌병변 | L75: 차상위 | M75: 급여 정보 | R75: 아동 만5세 특수신발 지원 받을 수 있는 사업 | S75: 건강보험급여 안내 | T75: 정소영
B76: =ROW()-8 -> 68 | C76: 45432 | D76: 조수진 | E76: 원주청원학교 | F76: 010-2709-9790 | G76: 교육기관 종사자 | H76: 홍슬기 | O76: 대여 | R76: 만3세 아동 기립기 대여 가능 문의( 키90cm, 몸무게12kg 왜소) | S76: 확인 후 연락드리기로 함 | T76: 장홍민
B77: =ROW()-8 -> 69 | C77: 45433 | E77: 강릉시 | F77: 010-3365-0544 | G77: 보호자 및 지인 | J77: 지체 | K77: 중증 | L77: 수급자 | M77: 급여 정보 | R77: 안전손잡이 지원 가능 방법 문의 | S77: 교부사업 신청 안내 | T77: 정소영
B78: =ROW()-8 -> 70 | C78: 45435 | D78: 조수진 | E78: 원주청원학교 | F78: 010-2709-9790 | G78: 교육기관 종사자 | H78: 홍슬기 | O78: 대여 | R78: 초등학생 피더시트 중 또는 대 대여 문의 | S78: 홈페이지 신청 방법 안내(담당자 부재중) | T78: 정소영
B79: =ROW()-8 -> 71 | C79: 45435 | F79: 010-6379-7006 | G79: 보호자 및 지인 | O79: 대여 | R79: 한손키보드(왼손사용자용) 문의 | T79: 정소영
B80: =ROW()-8 -> 72 | C80: 45436 | E80: 강원 장학사 | F80: 033-258-5396 | G80: 교육기관 종사자 | O80: 기타 | R80: 업보조기기 사용법 교육 | T80: 정소영
B81: =ROW()-8 -> 73 | C81: 45436 | E81: 홍천군청 | G81: 시군구(및 읍면동) 담당자 | M81: 품목 | R81: 민원인이 클로버라는 제품을 희망하시는데 신청 가능한 제품인지 문의 | S81: 가능함을 안내해 드림. 제품 정보 전달 | T81: 정소영
B82: =ROW()-8 -> 74 | C82: 45436 | E82: 원주 | G82: 보호자 및 지인 | H82: 차연서 | O82: 재사용 | R82: 재사용 지원받은 기립기를 아동의 건강 악화로 사용하지 못해 기립기 회수 요청 | S82: 6월 중순쯤 나갈 수 있을 것 같다고 말씀드림. 늦어지더라도 기다려 달라고 안내. | T82: 정소영
B83: =ROW()-8 -> 75 | C83: 45439 | D83: 김형위 | E83: 춘천 | F83: 010-5394-5125 | G83: 보호자 및 지인 | H83: 김형위 | I83: 남 | J83: 지체 | O83: 점검 | R83: 교부사업으로 교부받은 자동소변수집장치 A/S 문의 | S83: 보조기기 업체 및 주소 정보 전달 | T83: 송근필
B84: =ROW()-8 -> 76 | C84: 45443 | D84: 어머님 | E84: 춘천 | F84: 010-9137-4772 | G84: 보호자 및 지인 | H84: 채현준 | I84: 남 | J84: 뇌병변/지적 | K84: 중증 | L84: 일반 | O84: 대여 | R84: AAC 탭 대여 / 수, 목 어린이재활병원 치료 | S84: 담당자 전달 | T84: 정소영
B85: =ROW()-8 -> 77 | C85: 45443 | G85: 교육기관 종사자 | N85: 급여정보 | R85: 유모차 신청 가능한 민간지원사업 문의 | S85: 상반기는 모두 종료, 하반기에는 센터 홈페이지 활용 안내. 교부사업 안내. | T85: 정소영
B86: =ROW()-8 -> 78 | C86: 45446 | D86: 홍성진 | E86: 영월 | G86: 보호자 및 지인 | J86: 지체 | L86: 수급자 | M86: 품목 | R86: 실내에서 사용할 수 있고, 지원받을 수 있는 품목 문의 | S86: 전동침대, 독립형변기 팔지지대 및 등지지대, 경사로 등 교부사업 지원 품목 및 신청 안내 | T86: 정소영
B87: =ROW()-8 -> 79 | C87: 45455 | D87: 늘사랑의집 | E87: 강릉 | F87: 033-644-5000 | G87: 보호자 및 지인 | M87: 급여 정보 | R87: 중증장애인거주시설 늘사랑의집 전동침대 지원받을 수 있는 사업 문의 | S87: 장애인 보조기기 교부사업 안내 | T87: 송근필
B88: =ROW()-8 -> 80 | C88: 45456 | E88: 양구군청 | F88: 033-480-2351 | G88: 시군구(및 읍면동) 담당자 | Q88: 보조기기 서비스 | R88: 민원인 보조기기 발판 제작 문의 | S88: 단차해소정도의 크기일 경우 경사로 제작이 가능하지만 주택개조 정도의 크기면 어렵다고 안내. | T88: 송근필
B89: =ROW()-8 -> 81 | C89: 45456 | D89: 노희선 | F89: 010-8793-0333 | G89: 보호자 및 지인 | O89: 종류 | R89: 뇌전증 환자의 낙상 사고를 예방하기 위한 안전모에 대한 정보 문의 | T89: 박상범
B90: =ROW()-8 -> 82 | C90: 45457 | D90: 이영목 | E90: 춘천 | F90: 010-3832-2350 | G90: 장애 당사자 | H90: 이영목 | I90: 남 | J90: 지체 | K90: 중증 | O90: 구입 | R90: 춘천에서 전동 휠체어 구입 가능한 업체 정보 문의 | S90: 원광 메디텍 정보 문자로 안내 | T90: 박상범
B91: =ROW()-8 -> 83 | C91: 45457 | E91: 춘천 | F91: 010-2983-2287 | G91: 보호자 및 지인 | H91: 김용진 | I91: 남 | J91: 뇌병변 | K91: 중증 | O91: 개조 및 제작 | R91: 전동휠체어 랩보드 제작 의뢰 | S91: 담당자에게 내용 전달 완료 추후 담당자 측정 및 제작 관련 방문 상담 예정 | T91: 박상범
B92: =ROW()-8 -> 84 | C92: 45461 | F92: 033-249-2308 | G92: 시군구(및 읍면동) 담당자 | R92: 도내 수리지원센터 현황 문의 | S92: 춘천시 외 7곳 현황 정리하여 정보 전달 | T92: 목소리
B93: =ROW()-8 -> 85 | C93: 45462 | E93: 춘천 | F93: 010-7276-2882 | G93: 보호자 및 지인 | Q93: 보조기기대여 | R93: 휠체어 단기대여 가능 여부 | S93: 장애등록, 노인장기요양등급이 되어있지 않아 불가능하다고 설명 후 보건소 문의 내용 전달 | T93: 장홍민
B94: =ROW()-8 -> 86 | C94: 45464 | D94: 박은선 | E94: 원주 | F94: 010-9539-5959 | G94: 장애 당사자 | H94: 박은선 | I94: 여 | J94: 뇌병변 | K94: 중증 | O94: 구입 | R94: 한손으로 머리를 묶을수 있는 보조기기 구입 경로 문의 | S94: 대상자 정보: 우측편마비, 시각3급 구입 사이트를 찾지 못해 제작시도를 해본 후 지원 계획 https://brunch.co.kr/@liddel417/63 | T94: 송근필
B95: =ROW()-8 -> 87 | C95: 45468 | D95: 허길영 | E95: 원주 | F95: 010-2874-6455 | G95: 보호자 및 지인 | I95: 남 | J95: 뇌병변 | K95: 중증 | L95: 차상위 | M95: 품목 | R95: 이동변기 문의 | S95: 학성동주민센터 신청 안내 | T95: 김영기
B96: =ROW()-8 -> 88 | C96: 45470 | G96: 보호자 및 지인 | R96: 전동휠체어 구매 방법 문의 | S96: 일반 구매, 건강보험 장애인 보조기기 보험급여 안내 | T96: 장홍민
B97: =ROW()-8 -> 89 | C97: 45471 | D97: 최예지 | F97: 033-640-5346 | G97: 유관기관 종사자 | R97: 입원환자 교부사업 교부 받을 수 있는지 문의 | S97: 가능하다고 안내 | T97: 목소리
B98: =ROW()-8 -> 90 | C98: 45471 | D98: 강릉 관광안내소 | F98: 010-8654-4730 | G98: 기타 | R98: 관광안내소 비치할만한 보조기기 구매 문의 | S98: 센터에선 구매 불가능 안내 후 보조기기마다 업체 다르다고 안내 | T98: 목소리
B99: =ROW()-8 -> 91 | C99: 45471 | D99: 홍장복 | F99: 070-435-7031 | G99: 유관기관 종사자 | R99: 센터에서 사용하는 소독세척 스팀세척기 문의 | S99: 옵티마 업체 안내 | T99: 목소리
B100: =ROW()-8 -> 92 | C100: 45481 | D100: 어린이집 담당자 | E100: 춘천 | F100: 010-9806-9511 | G100: 교육기관 종사자 | J100: 지체 | K100: 경증 | L100: 건보 | O100: 대여 | R100: 휠체어 대여 문의 | S100: 대여 담당자에게 정보공유. 민간지원사업 정보 안내 필요 | T100: 송근필
B101: =ROW()-8 -> 93 | C101: 45483 | F101: 010-9155-0108 | G101: 보호자 및 지인 | O101: 대여 | R101: 대여 연장 문의 | S101: 정보통신보조기기 임대사업 메세지스톤 임대 대상자로 24.7.28이 종료예정일임. 담당자 : 장홍민에게 전달 후 진행예정 | T101: 송근필
...

Sheet 2024DB
B1: 월 | C1: 건수 | E1: 의뢰인 유형 | F1: 건수 | G1: 공적급여 | H1: 건수 | I1: 민간급여 | J1: 건수 | K1: 보조기기 | L1: 건수 | M1: 사례연계 | N1: 건수 | O1: 기타 | P1: 건수
B2: 1월 | C2: =COUNTIFS('2024'!$C$9:$C$229,">=2024-01-01",'2024'!$C$9:$C$229,"<=2024-1-31") -> 7 | E2: 장애 당사자 | F2: =COUNTIF('2024'!$G$9:$G$119,E2) -> 20 | G2: 급여정보 | I2: 급여정보 | K2: 구입 | M2: 사례관리 서비스 요청 | O2: 기타
B3: 2월 | C3: =COUNTIFS('2024'!$C$9:$C$229,">=2024-02-01",'2024'!$C$9:$C$229,"<=2024-2-29") -> 9 | E3: 보호자 및 지인 | F3: =COUNTIF('2024'!$G$9:$G$119,E3) -> 43 | G3: 신청 | I3: 신청 | K3: 가격 | M3: 타 센터 및 기관 사례 연계
B4: 3월 | C4: =COUNTIFS('2024'!$C$9:$C$229,">=2024-03-01",'2024'!$C$9:$C$229,"<=2024-3-31") -> 12 | E4: 시군구(및 읍면동) 담당자 | F4: =COUNTIF('2024'!$G$9:$G$119,E4) -> 20 | G4: 지원범위 | I4: 지원범위 | K4: 기능 | M4: 기타
B5: 4월 | C5: =COUNTIFS('2024'!$C$9:$C$229,">=2024-04-01",'2024'!$C$9:$C$229,"<=2024-4-30") -> 21 | E5: 유관기관 종사자 | F5: =COUNTIF('2024'!$G$9:$G$119,E5) -> 14 | G5: 품목 | I5: 품목 | K5: 종류
B6: 5월 | C6: =COUNTIFS('2024'!$C$9:$C$229,">=2024-05-01",'2024'!$C$9:$C$229,"<=2024-5-31") -> 28 | E6: 교육기관 종사자 | F6: =COUNTIF('2024'!$G$9:$G$119,E6) -> 9 | G6: 내구연한 | I6: 기타 | K6: 명칭
B7: 6월 | C7: =COUNTIFS('2024'!$C$9:$C$229,">=2024-06-01",'2024'!$C$9:$C$229,"<=2024-6-30") -> 14 | E7: 기타 | F7: =COUNTIF('2024'!$G$9:$G$119,E7) -> 3 | G7: 기타 | K7: 대여
B8: 7월 | C8: =COUNTIFS('2024'!$C$9:$C$229,">=2024-07-01",'2024'!$C$9:$C$229,"<=2024-7-31") -> 7 | E8: 합계 | F8: =SUM(F2:F7) -> 109 | G8: 합계 | H8: =SUM(H2:H7) -> 0 | K8: 개조 및 제작
B9: 8월 | C9: =COUNTIFS('2024'!$C$9:$C$229,">=2024-08-01",'2024'!$C$9:$C$229,"<=2024-8-31") -> 8 | F9: =F4/118 -> 0.16949153 | K9: 세척
B10: 9월 | C10: =COUNTIFS('2024'!$C$9:$C$229,">=2024-09-01",'2024'!$C$9:$C$229,"<=2024-9-30") -> 12 | K10: 점검
B11: 10월 | C11: =COUNTIFS('2024'!$C$9:$C$229,">=2024-10-01",'2024'!$C$9:$C$229,"<=2024-10-31") -> 13 | K11: 수리
B12: 11월 | C12: =COUNTIFS('2024'!$C$9:$C$229,">=2024-11-01",'2024'!$C$9:$C$229,"<=2024-11-30") -> 5 | K12: 재사용
B13: 12월 | C13: =COUNTIFS('2024'!$C$9:$C$229,">=2024-12-01",'2024'!$C$9:$C$229,"<=2024-12-31") -> 24 | K13: 기타
B14: 합계 | C14: =SUM(C2:C13) -> 160
I23: 95
I24: 20 | J24: =I24/I23 -> 0.21052632
